1998 0.00046500046500042025 155.278 11.648067129448934 25.9968 23.98182 24.61939 2.31399 0.7287
1997 0.00094500094500094 155.285 11.647871765306233 25.99659 23.98171 24.61913 2.29861 0.7286
1996 0.0014100014100013603 155.307 11.64777405026883 25.99672 23.98199 24.61948 2.35931 0.7285
1995 0.0018750018750017805 155.349 11.647871765306233 25.9965 23.98223 24.61945 2.28392 0.7285
1994 0.0023550023550023003 155.364 11.64777405026883 25.99638 23.98239 24.61954 2.30214 0.7286
1993 0.0028200028200027205 155.398 11.64777405026883 25.99598 23.98284 24.61966 2.24863 0.7284
1992 0.003285003285003363 155.402 11.647578554212455 25.99571 23.98298 24.61954 2.18432 0.7279
1991 0.0037650037650036605 155.427 11.647578554212455 25.99546 23.98342 24.61961 2.09118 0.7279
1990 0.004230004230004303 155.438 11.64738297011462 25.99543 23.98339 24.61964 2.13557 0.7279
1989 0.0047100047100046005 155.467 11.64738297011462 25.99513 23.98377 24.61983 2.13958 0.7281
1988 0.005175005175005243 155.485 11.647285145025366 25.99504 23.9838 24.61967 2.10608 0.728
1987 0.005655005655005763 155.505 11.64718729789599 25.99497 23.98401 24.61981 2.12296 0.7281
1986 0.006120006120006183 155.525 11.647089428716555 25.9947 23.98437 24.61992 2.08483 0.7279
1985 0.006600006600006703 155.539 11.646991537477122 25.99451 23.98479 24.62014 2.09062 0.7281
1984 0.007080007080007 155.586 11.64718729789599 25.99417 23.98494 24.61996 2.00467 0.7278
1983 0.007545007545007643 155.612 11.647089428716555 25.99411 23.98515 24.62006 1.99363 0.7279
1982 0.00802500802500794 155.623 11.646991537477122 25.99407 23.98531 24.62016 2.04093 0.7279
1981 0.00850500850500846 155.654 11.646991537477122 25.99355 23.98551 24.61998 1.99967 0.7278
1980 0.00897000897000888 155.669 11.646893624167745 25.9933 23.98577 24.62002 1.98752 0.7276
1979 0.0094500094500094 155.709 11.646991537477122 25.99326 23.98591 24.62005 1.98727 0.7275
1978 0.00993000993000992 155.727 11.64679568877847 25.99313 23.98629 24.62037 2.01586 0.7274
1977 0.01039501039501034 155.747 11.64679568877847 25.99307 23.98657 24.62051 2.01734 0.7279
1976 0.01087501087501086 155.777 11.64679568877847 25.99289 23.98682 24.6206 2.0136 0.728
1975 0.011355011355011158 155.808 11.64679568877847 25.99249 23.98693 24.62038 1.94523 0.7274
1974 0.0118350118350119 155.808 11.646501750031613 25.99219 23.98731 24.62064 1.9921 0.7277
1973 0.012315012315012419 155.836 11.646501750031613 25.99208 23.9875 24.62057 1.90338 0.7273
1972 0.012795012795012717 155.879 11.646599751720373 25.99219 23.98765 24.62036 1.74181 0.7278
1971 0.013260013260013581 155.887 11.646501750031613 25.9918 23.98766 24.62046 1.92516 0.7274
1970 0.013740013740013657 155.915 11.646501750031613 25.99174 23.98806 24.6207 1.87219 0.7277
1969 0.014220014220014177 155.924 11.646305680284758 25.9912 23.98854 24.62074 1.79322 0.7278
1968 0.014700014700014696 155.94 11.646207612206686 25.991 23.98866 24.62069 1.79213 0.7272
1967 0.015180015180015216 155.968 11.646109521978849 25.99101 23.98858 24.62062 1.87186 0.7276
1966 0.015660015660015958 155.97 11.645913275033845 25.99047 23.98916 24.62075 1.75748 0.7275
1965 0.016140016140016034 155.988 11.645815118296643 25.99048 23.98928 24.62075 1.73918 0.7278
1964 0.016620016620016553 156.031 11.645913275033845 25.99003 23.98955 24.62073 1.75707 0.7279
1963 0.01710001710001685 156.047 11.645815118296643 25.98994 23.98969 24.62062 1.70986 0.7279
1962 0.017580017580017593 156.06 11.645716939369605 25.99001 23.98995 24.62104 1.76639 0.7282
1961 0.018060018060018113 156.088 11.645716939369605 25.98955 23.99006 24.6207 1.7694 0.7282
1960 0.01855501855501851 156.105 11.645618738242694 25.9894 23.99055 24.62108 1.67605 0.7281
1959 0.01903501903501925 156.122 11.645422269349092 25.98916 23.99083 24.62118 1.63916 0.7281
1958 0.01951501951501955 156.145 11.645422269349092 25.98892 23.99093 24.62098 1.63159 0.7283
1957 0.01999501999502007 156.166 11.645324001562294 25.98871 23.99111 24.62095 1.63933 0.7287
1956 0.020475020475020367 156.175 11.645225711535415 25.98867 23.99129 24.62098 1.61407 0.7287
1955 0.020970020970020986 156.204 11.64512739925839 25.98846 23.99175 24.62132 1.52586 0.7292
1954 0.021450021450021506 156.214 11.645029064721143 25.98816 23.99177 24.62111 1.61294 0.7292
1953 0.021930021930022026 156.228 11.644930707913588 25.98785 23.99224 24.62122 1.49425 0.7293
1952 0.022410022410022323 156.236 11.644733927447193 25.98792 23.99232 24.62143 1.5548 0.7295
1951 0.022905022905022943 156.254 11.644635503768153 25.98739 23.99244 24.62118 1.65127 0.7294
1950 0.023385023385023462 156.267 11.644537057778408 25.9875 23.99277 24.62157 1.57671 0.7296
1949 0.02386502386502376 156.296 11.644537057778408 25.98732 23.99291 24.62152 1.58953 0.7294
1948 0.0243600243600246 156.326 11.644537057778408 25.98707 23.99309 24.62148 1.64137 0.7292
1947 0.02484002484002512 156.345 11.644438589467839 25.98676 23.99342 24.62171 1.62645 0.729
1946 0.025335025335025296 156.363 11.644340098826323 25.98629 23.99366 24.62146 1.64878 0.7291
1945 0.025815025815025816 156.382 11.644241585843728 25.9861 23.99386 24.62141 1.63898 0.7293
1944 0.026310026310026213 156.413 11.644241585843728 25.98598 23.99413 24.62158 1.60403 0.7293
1943 0.026790026790026733 156.43 11.64414305050992 25.98581 23.99434 24.62159 1.61562 0.7292
1942 0.027285027285027352 156.449 11.644044492814748 25.98557 23.99464 24.62177 1.57618 0.7295
1941 0.027765027765028094 156.477 11.644044492814748 25.98515 23.99475 24.62151 1.71877 0.7297
1940 0.02826002826002827 156.495 11.643945912748066 25.98514 23.99516 24.62189 1.55393 0.7296
1939 0.02874002874002879 156.525 11.643945912748066 25.9849 23.99521 24.62176 1.66006 0.7297
1938 0.029235029235029186 156.547 11.643847310299714 25.98462 23.99567 24.62195 1.54322 0.73
1937 0.029730029730029806 156.567 11.643847310299714 25.9842 23.99579 24.62183 1.67956 0.7304
1936 0.030210030210030103 156.595 11.643847310299714 25.98414 23.99604 24.622 1.62388 0.7304
1935 0.030705030705030723 156.613 11.643748685459526 25.98399 23.99618 24.62195 1.66356 0.7307
1934 0.031200031200030898 156.648 11.643748685459526 25.98395 23.99647 24.62226 1.56914 0.7313
1933 0.03169503169503174 156.678 11.643748685459526 25.98355 23.99665 24.62202 1.6572 0.7311
1932 0.03217503217503226 156.708 11.643847310299714 25.98315 23.99694 24.62203 1.72137 0.7311
1931 0.032670032670032656 156.724 11.643650038217329 25.98275 23.9973 24.62217 1.75616 0.7319
1930 0.03316503316503305 156.754 11.643748685459526 25.98281 23.99726 24.62199 1.79065 0.7322
1929 0.03366003366003345 156.757 11.643452676486188 25.98271 23.99755 24.62233 1.70453 0.7323
1928 0.03415503415503407 156.793 11.643551368562946 25.9822 23.9978 24.62213 1.85726 0.7325
1927 0.03465003465003469 156.808 11.643452676486188 25.98221 23.99801 24.62241 1.74975 0.7327
1926 0.03513003513003521 156.836 11.643452676486188 25.98167 23.99834 24.62224 1.85959 0.7327
1925 0.035625035625035606 156.859 11.643353961976864 25.98159 23.9985 24.62236 1.83442 0.7328
1924 0.036120036120036225 156.886 11.643353961976864 25.98133 23.99866 24.62226 1.91402 0.7331
1923 0.03661503661503662 156.911 11.643353961976864 25.98084 23.9992 24.62248 1.87048 0.7332
1922 0.03711003711003702 156.92 11.643156465619706 25.98074 23.99924 24.62245 1.95482 0.7331
1921 0.03760503760503764 156.955 11.643156465619706 25.98082 23.9994 24.62256 1.85283 0.7334
1920 0.038100038100038036 156.973 11.643057683751453 25.98054 23.99958 24.62258 1.93615 0.7336
1919 0.03861003861003853 157.001 11.643057683751453 25.97994 24.00014 24.62256 1.96829 0.7336
1918 0.03910503910503915 157.022 11.643057683751453 25.97979 24.00011 24.62251 2.08812 0.734
1917 0.03960003960003955 157.026 11.642860052584492 25.97979 24.00035 24.62275 1.94361 0.7342
1916 0.04009504009504039 157.053 11.642761203265321 25.97938 24.00063 24.62271 2.01638 0.734
1915 0.040590040590040566 157.072 11.642761203265321 25.97884 24.00107 24.62269 2.06569 0.7344
1914 0.041085041085041185 157.074 11.642464520242122 25.9788 24.00133 24.62296 1.86007 0.7342
1913 0.04158004158004158 157.04 11.64196959770206 25.97839 24.00149 24.62275 1.97261 0.7346
1912 0.04209004209004186 157.032 11.641672373224687 25.9785 24.00176 24.62311 1.66077 0.7343
1911 0.042585042585042476 157.051 11.641573253178175 25.97826 24.00178 24.62288 1.79173 0.7345
1910 0.04308004308004332 157.054 11.641374945192126 25.97788 24.00242 24.62318 1.63782 0.7343
1909 0.04359004359004337 157.068 11.641275757231913 25.97755 24.00255 24.62309 1.75936 0.734
1908 0.04408504408504399 157.07 11.641077313325374 25.97747 24.00276 24.62334 1.65512 0.7338
1907 0.04458004458004483 157.11 11.641176546613114 25.97719 24.00299 24.62331 1.6919 0.7334
1906 0.045090045090044883 157.144 11.641176546613114 25.97698 24.00326 24.62341 1.65357 0.7336
1905 0.0455850455850455 157.162 11.641077313325374 25.97652 24.00353 24.62338 1.81154 0.7335
1904 0.046080046080046344 157.177 11.640978057358332 25.97635 24.00388 24.62365 1.68837 0.7337
1903 0.04659004659004684 157.202 11.640978057358332 25.97612 24.0039 24.62354 1.78889 0.7332
1902 0.047085047085047016 157.214 11.640779477344857 25.97582 24.00435 24.62373 1.73197 0.7334
1901 0.04759504759504751 157.217 11.640580806489652 25.97575 24.00451 24.62391 1.65038 0.7332
1900 0.04809004809004813 157.27 11.640779477344857 25.97559 24.00455 24.62386 1.72558 0.7336
1899 0.04860004860004863 157.301 11.640779477344857 25.97512 24.00492 24.62379 1.83827 0.7337
1898 0.049110049110049125 157.278 11.640382044709568 25.97499 24.00502 24.6239 1.85107 0.7338
1897 0.04960504960504952 157.304 11.640382044709568 25.97472 24.00536 24.62401 1.82201 0.7337
1896 0.05011505011505002 157.342 11.640481436970422 25.97461 24.00556 24.6241 1.76708 0.7338
1895 0.05061005061005064 157.357 11.640282629696681 25.97421 24.00612 24.62435 1.74574 0.734
1894 0.051120051120051135 157.382 11.640282629696681 25.97421 24.00597 24.6243 1.75811 0.7344
1893 0.05163005163005163 157.374 11.63998424804159 25.97387 24.00642 24.62449 1.73427 0.7342
1892 0.05214005214005213 157.414 11.640083731373121 25.97343 24.00698 24.62468 1.79567 0.7346
1891 0.05263505263505275 157.415 11.639884741916305 25.97342 24.0069 24.62457 1.76491 0.7345
1890 0.053145053145053245 157.452 11.639884741916305 25.97312 24.00729 24.62467 1.78571 0.7347
1889 0.05365505365505374 157.464 11.639785212986821 25.97294 24.00753 24.62482 1.74401 0.7348
1888 0.05416505416505446 157.499 11.639884741916305 25.97272 24.00786 24.62509 1.71721 0.7352
1887 0.054675054675054735 157.527 11.639785212986821 25.97217 24.00823 24.62495 1.966 0.7351
1886 0.055170055170055354 157.544 11.639785212986821 25.97213 24.0081 24.62494 1.93189 0.7353
1885 0.05568005568005541 157.587 11.639884741916305 25.97183 24.00877 24.6253 1.88107 0.7355
1884 0.056190056190056126 157.59 11.639685661242682 25.97165 24.00896 24.62532 1.843 0.7351
1883 0.05670005670005662 157.599 11.639486489268586 25.97144 24.009 24.6252 1.92546 0.7353
1882 0.05721005721005734 157.635 11.639586086673427 25.97111 24.00955 24.62553 1.91416 0.7352
1881 0.057720057720057394 157.65 11.639486489268586 25.97099 24.00946 24.62539 1.91693 0.7356
1880 0.058230058230058335 157.689 11.639486489268586 25.97057 24.00997 24.62553 2.02858 0.7355
1879 0.05874005874005883 157.694 11.639287225910238 25.97066 24.01024 24.62585 1.79424 0.7355
1878 0.05925005925005933 157.721 11.639287225910238 25.97026 24.01043 24.62575 1.94264 0.7354
1877 0.059760059760059825 157.736 11.639187559935754 25.97031 24.0106 24.62586 1.76235 0.7356
1876 0.0602850602850602 157.764 11.639187559935754 25.96985 24.01087 24.62579 1.94279 0.7353
1875 0.060795060795060696 157.787 11.639187559935754 25.9697 24.01122 24.62601 1.87512 0.7355
1874 0.06130506130506119 157.79 11.638988159343683 25.96937 24.01154 24.62614 1.96282 0.7356
1873 0.06181506181506191 157.82 11.638988159343683 25.96931 24.0116 24.62615 1.85843 0.7355
1872 0.06232506232506241 157.839 11.638888424705076 25.96879 24.01223 24.62637 2.05724 0.7356
1871 0.06285006285006278 157.882 11.638988159343683 25.96886 24.0122 24.62636 1.84864 0.7351
1870 0.06336006336006328 157.869 11.638688886690124 25.96837 24.01252 24.62643 2.06721 0.7346
1869 0.06387006387006378 157.903 11.638688886690124 25.96837 24.0125 24.62638 1.93886 0.7349
1868 0.06438006438006405 157.924 11.638688886690124 25.968 24.01295 24.62658 2.03082 0.7349
1867 0.06490506490506487 157.944 11.638589083292716 25.96777 24.01333 24.62672 2.02258 0.7349
1866 0.06541506541506537 157.946 11.638389407665336 25.96749 24.01343 24.62655 2.08795 0.7348
1865 0.06594006594006618 157.943 11.638089721984505 25.96712 24.01385 24.62664 2.19891 0.7348
1864 0.06645006645006646 157.961 11.637989780784686 25.9672 24.01386 24.62675 2.00281 0.735
1863 0.06696006696006696 157.978 11.637989780784686 25.96671 24.01422 24.62679 2.20244 0.7347
1862 0.06748506748506755 158.0 11.63788981658079 25.96643 24.01458 24.62685 2.24776 0.7344
1861 0.06799506799506805 158.038 11.637989780784686 25.9662 24.01486 24.62695 2.26929 0.7341
1860 0.06852006852006842 158.082 11.638089721984505 25.96581 24.01527 24.62685 2.39427 0.7342
1859 0.06903006903006892 158.101 11.637989780784686 25.96583 24.01529 24.6268 2.24815 0.7335
1858 0.0695550695550693 158.146 11.638189640190838 25.96543 24.01567 24.6269 2.39378 0.7331
1857 0.07008007008006989 158.189 11.638289535414257 25.96556 24.01608 24.62733 2.09331 0.7328
1856 0.07059007059007039 158.206 11.638189640190838 25.96532 24.01606 24.62709 2.13501 0.7326
1855 0.0711150711150712 158.243 11.638289535414257 25.96479 24.01664 24.62722 2.36275 0.7323
1854 0.07164007164007158 158.252 11.638089721984505 25.96481 24.017 24.62753 2.18851 0.7325
1853 0.07215007215007208 158.276 11.638089721984505 25.96429 24.01713 24.62738 2.4534 0.7326
1852 0.07267507267507267 158.312 11.638089721984505 25.96449 24.01735 24.62762 2.10273 0.7322
1851 0.07320007320007349 158.339 11.638089721984505 25.96397 24.01771 24.62761 2.33154 0.7321
1850 0.07372507372507342 158.358 11.638089721984505 25.96362 24.01803 24.62758 2.44966 0.7318
1849 0.07423507423507414 158.354 11.637789829362228 25.96362 24.0182 24.62782 2.27194 0.7314
1848 0.07476007476007474 158.385 11.637789829362228 25.96337 24.01858 24.62807 2.32664 0.7318
1847 0.07528507528507533 158.392 11.6375897858387 25.9631 24.01875 24.62793 2.33646 0.732
1846 0.0758100758100757 158.393 11.637389650129212 25.96292 24.01937 24.62842 2.394 0.732
1845 0.0763350763350763 158.442 11.6375897858387 25.9626 24.01937 24.62819 2.40165 0.7318
1844 0.0768600768600769 158.449 11.637389650129212 25.96247 24.01982 24.62853 2.40015 0.7321
1843 0.0773850773850775 158.474 11.637389650129212 25.96235 24.01989 24.62845 2.26451 0.7316
1842 0.07791007791007787 158.488 11.637289547678174 25.96198 24.02041 24.62871 2.44398 0.7318
1841 0.07843507843507846 158.487 11.63698910181223 25.96199 24.02036 24.62862 2.16401 0.7315
1840 0.07896007896007906 158.532 11.637189422148762 25.96147 24.02083 24.62869 2.44283 0.732
1839 0.07948507948507944 158.551 11.63708927353033 25.96168 24.02108 24.62908 2.16923 0.7319
1838 0.08001008001008003 158.596 11.637189422148762 25.96116 24.0213 24.62886 2.32907 0.7314
1837 0.08053508053508063 158.597 11.63698910181223 25.96096 24.02148 24.6289 2.30778 0.7314
1836 0.081060081060081 158.61 11.636888906983799 25.96081 24.02172 24.629 2.24308 0.7316
1835 0.0815850815850816 158.647 11.63698910181223 25.9608 24.02211 24.62932 2.15628 0.7319
1834 0.0821250821250823 158.678 11.63698910181223 25.96056 24.02239 24.62955 2.22193 0.7322
1833 0.08265008265008267 158.697 11.636888906983799 25.96019 24.02266 24.62948 2.28011 0.7322
1832 0.08317508317508326 158.696 11.636688447953283 25.96013 24.02298 24.62974 2.23101 0.7319
1831 0.08370008370008364 158.694 11.636387585813157 25.96002 24.02303 24.62977 2.09629 0.7318
1830 0.08424008424008433 158.722 11.636387585813157 25.95933 24.02355 24.62982 2.49765 0.7324
1829 0.08476508476508471 158.752 11.636387585813157 25.95928 24.02357 24.62971 2.27457 0.7326
1828 0.0852900852900853 158.73 11.635986111800833 25.95902 24.02416 24.63019 2.50024 0.7326
1827 0.08583008583008578 158.759 11.636086515103072 25.95901 24.02417 24.63007 2.21327 0.7328
1826 0.08635508635508637 158.763 11.635885685281274 25.95885 24.02433 24.63018 2.16086 0.7328
1825 0.08689508689508685 158.763 11.63558426631123 25.95839 24.02487 24.63039 2.4516 0.7333
1824 0.08742008742008744 158.762 11.635383204047498 25.95839 24.02501 24.6306 2.30756 0.7332
1823 0.08796008796008814 158.788 11.635383204047498 25.95789 24.02522 24.63042 2.4038 0.7336
1822 0.08848508848508874 158.817 11.635383204047498 25.95791 24.02552 24.63084 2.37352 0.7335
1821 0.08902508902508899 158.819 11.635182048656267 25.95772 24.0256 24.63075 2.24242 0.7336
1820 0.08955008955008958 158.829 11.634980800051228 25.95738 24.02605 24.6309 2.4029 0.7337
1819 0.09009009009009006 158.843 11.634880140766526 25.95715 24.02631 24.63108 2.45912 0.7338
1818 0.09063009063009053 158.82 11.634477270160732 25.95691 24.02657 24.63125 2.48816 0.734
1817 0.09115509115509113 158.84 11.634376494088368 25.95671 24.02672 24.63118 2.41843 0.734
1816 0.09169509169509138 158.882 11.634578022853889 25.95645 24.02705 24.63136 2.51542 0.7338
1815 0.0922350922350923 158.896 11.634376494088368 25.9562 24.02731 24.63141 2.51748 0.734
1814 0.0927600927600929 158.903 11.634275694625943 25.95605 24.02757 24.63164 2.5477 0.7343
1813 0.09330009330009337 158.897 11.633973155789674 25.95581 24.02798 24.632 2.71252 0.7348
1812 0.09384009384009384 158.926 11.633973155789674 25.95568 24.02802 24.63194 2.54391 0.7348
1811 0.09438009438009454 158.933 11.633872262658333 25.95532 24.02827 24.63202 2.61978 0.7347
1810 0.09492009492009501 158.929 11.633569442554093 25.95529 24.02838 24.63211 2.48802 0.7349
1809 0.09544509544509538 158.941 11.633468455579587 25.95488 24.02877 24.63222 2.65425 0.7354
1808 0.09598509598509608 158.936 11.633165353683903 25.95469 24.02886 24.63237 2.63841 0.7354
1807 0.09652509652509633 158.947 11.633064272691499 25.9544 24.02922 24.63245 2.69839 0.7354
1806 0.09706509706509703 158.952 11.63286204010023 25.95429 24.0294 24.63271 2.70675 0.7354
1805 0.0976050976050975 158.973 11.632760888479439 25.95389 24.02956 24.63268 2.75644 0.7352
1804 0.0981450981450982 158.956 11.632457292184725 25.95361 24.02995 24.63294 2.90605 0.7351
1803 0.09868509868509845 158.994 11.632558514532672 25.95322 24.02993 24.63272 2.83199 0.7346
1802 0.09922509922509892 159.014 11.632457292184725 25.95289 24.03033 24.63284 2.94407 0.7345
1801 0.09976509976509984 159.0 11.632153483510633 25.95308 24.03047 24.63312 2.78777 0.7341
1800 0.10032010032010041 159.033 11.632153483510633 25.95262 24.03084 24.63319 2.94784 0.7343
1799 0.10086010086010111 159.058 11.632153483510633 25.95235 24.03097 24.63308 2.8543 0.7336
1798 0.10140010140010114 159.08 11.63205216670581 25.95226 24.03118 24.63317 2.77771 0.7331
1797 0.10194010194010206 159.083 11.631849462159819 25.95187 24.03146 24.63321 2.88576 0.7331
1796 0.10248010248010253 159.11 11.631849462159819 25.95172 24.03165 24.63332 2.85011 0.7327
1795 0.1030351030351031 159.124 11.631748074396569 25.95159 24.03186 24.63328 2.73422 0.7327
1794 0.10357510357510358 159.121 11.631545227834309 25.95126 24.03235 24.63358 2.93965 0.7327
1793 0.10411510411510405 159.129 11.631342286483934 25.9508 24.03252 24.63344 2.97267 0.7328
1792 0.10467010467010485 159.125 11.631139250256812 25.95061 24.03285 24.63369 3.05926 0.733
1791 0.1052101052101051 159.151 11.63103769653674 25.95034 24.03318 24.63378 3.12448 0.7328
1790 0.1057501057501058 159.164 11.630936119064192 25.95024 24.03315 24.63357 2.88421 0.7324
1789 0.10630510630510637 159.159 11.630732892817196 25.95011 24.03351 24.63386 2.94661 0.7326
1788 0.10684510684510684 159.155 11.630427875025024 25.9498 24.03372 24.63375 2.93185 0.7327
1787 0.10740010740010741 159.149 11.630122642859313 25.94954 24.03416 24.63408 3.09591 0.7329
1786 0.10794010794010789 159.157 11.630020851113409 25.94959 24.03418 24.634 2.88518 0.733
1785 0.10849510849510846 159.157 11.629817196018516 25.94904 24.03468 24.63415 3.1663 0.7332
1784 0.10903510903510893 159.128 11.62930764007375 25.9489 24.03492 24.6343 3.17597 0.7335
1783 0.10959010959010951 159.125 11.629103650177136 25.94845 24.03513 24.63423 3.2711 0.7328
1782 0.11014511014511008 159.119 11.628797485566711 25.94838 24.03539 24.63432 3.1959 0.733
1781 0.11068511068511078 159.115 11.628593255851259 25.94825 24.03562 24.63446 3.18031 0.7331
1780 0.11124011124011135 159.129 11.628491104967123 25.94793 24.03591 24.63445 3.22241 0.7334
1779 0.11179511179511148 159.108 11.628082260990679 25.94769 24.03618 24.63465 3.3001 0.7331
1778 0.1123351123351124 159.111 11.627877694579972 25.94735 24.03634 24.63443 3.22656 0.7332
1777 0.11289011289011297 159.083 11.627365856592732 25.94732 24.03663 24.63465 3.19421 0.7333
1776 0.11344511344511354 159.055 11.626955951435447 25.94706 24.03685 24.63462 3.18082 0.7335
1775 0.11400011400011412 159.046 11.62664826847401 25.94678 24.03715 24.63476 3.27208 0.7337
1774 0.11455511455511447 159.035 11.626340367375043 25.94648 24.03763 24.63499 3.41974 0.734
1773 0.11511011511011504 159.02 11.626032247829018 25.94608 24.03786 24.63498 3.49298 0.7345
1772 0.11565011565011574 159.026 11.625826713285711 25.94602 24.03819 24.63505 3.40013 0.7345
1771 0.11620511620511631 159.009 11.625518228971638 25.94597 24.03827 24.63512 3.26669 0.7342
1770 0.11676011676011688 159.02 11.625312450961674 25.94564 24.03856 24.63522 3.34701 0.7338
1769 0.11731511731511723 159.005 11.625003601014864 25.94544 24.03872 24.63512 3.24663 0.7342
1768 0.11787011787011759 159.021 11.624900602204491 25.94525 24.039 24.63539 3.31992 0.7345
1767 0.11842511842511838 159.044 11.624900602204491 25.9448 24.03933 24.63526 3.3486 0.7347
1766 0.11899511899511905 159.046 11.624694531272082 25.94478 24.03954 24.63539 3.27726 0.735
1765 0.11955011955011963 159.048 11.624488362513448 25.94475 24.03975 24.63562 3.27379 0.7352
1764 0.12010512010512042 159.044 11.624178925748023 25.94421 24.03996 24.6354 3.24182 0.7353
1763 0.12066012066012055 159.05 11.624075731145682 25.94402 24.04036 24.63563 3.31494 0.7356
1762 0.12121512121512112 159.062 11.623869268350303 25.94377 24.04062 24.63572 3.3314 0.7358
1761 0.12177012177012192 159.086 11.623869268350303 25.94351 24.04085 24.6357 3.27676 0.7357
1760 0.12234012234012215 159.098 11.623766000133932 25.9433 24.04099 24.63568 3.23296 0.7363
1759 0.12289512289512294 159.092 11.623456048069933 25.94321 24.04143 24.63599 3.2726 0.737
1758 0.12345012345012352 159.088 11.6232492903979 25.94282 24.04171 24.63596 3.29097 0.737
1757 0.12402012402012397 159.09 11.623042434246381 25.94293 24.04187 24.63612 3.17196 0.7376
1756 0.12457512457512432 159.126 11.62314587463794 25.94249 24.04207 24.63603 3.16445 0.7379
1755 0.12513012513012534 159.128 11.62293896921149 25.94222 24.04247 24.63615 3.21703 0.7379
1754 0.1257001257001258 159.115 11.622524862403568 25.94213 24.04278 24.63641 3.23706 0.7388
1753 0.12625512625512636 159.142 11.622524862403568 25.94179 24.04281 24.63614 3.09546 0.7389
1752 0.1268251268251268 159.139 11.622317660833843 25.9414 24.04326 24.63633 3.2516 0.7393
1751 0.12738012738012738 159.152 11.622214022966295 25.94142 24.04338 24.63636 3.08313 0.7396
1750 0.12795012795012806 159.164 11.62211036036122 25.94111 24.04376 24.63645 3.12742 0.7402
1749 0.1285201285201285 159.188 11.62211036036122 25.94091 24.04385 24.63649 3.09548 0.7404
1748 0.1290751290751293 159.189 11.62190296089123 25.9405 24.04428 24.63666 3.22329 0.741
1747 0.12964512964512975 159.217 11.62190296089123 25.9404 24.04447 24.63668 3.09825 0.7405
1746 0.13021513021512998 159.216 11.621591675859218 25.94018 24.04468 24.6367 3.05127 0.7406
1745 0.13077013077013078 159.219 11.62148786458063 25.93986 24.04518 24.63691 3.16599 0.7413
1744 0.13134013134013123 159.252 11.62148786458063 25.9399 24.04506 24.63676 2.92669 0.7413
1743 0.1319101319101319 159.252 11.621280167550415 25.93952 24.04529 24.63671 2.92531 0.7418
1742 0.13248013248013257 159.242 11.62096843564429 25.93929 24.04569 24.63696 2.97428 0.7423
1741 0.13303513303513337 159.249 11.62086447526512 25.93896 24.0459 24.63697 2.99277 0.7428
1740 0.1336051336051336 159.261 11.62065647981962 25.93888 24.04604 24.63695 2.87008 0.7433
1739 0.13417513417513427 159.269 11.620552444729435 25.93861 24.04648 24.63721 2.9763 0.7435
1738 0.13474513474513472 159.274 11.620344299754493 25.93841 24.04662 24.63718 2.90223 0.7439
1737 0.1353151353151354 159.279 11.62024018984583 25.93828 24.04694 24.63738 2.89204 0.7445
1736 0.13588513588513584 159.285 11.620031895126298 25.93793 24.0473 24.63752 2.98229 0.7446
1735 0.13645513645513652 159.316 11.620031895126298 25.93784 24.04753 24.63765 2.94759 0.7445
1734 0.13702513702513675 159.315 11.619823500457278 25.93746 24.04782 24.63776 3.04228 0.7446
1733 0.13759513759513786 159.308 11.619510720838498 25.93735 24.04788 24.63762 2.87329 0.7441
1732 0.1381651381651383 159.334 11.619510720838498 25.93711 24.04802 24.63765 2.86447 0.7442
1731 0.13873513873513876 159.356 11.619510720838498 25.93665 24.04835 24.6378 3.01358 0.744
1730 0.13930513930513921 159.386 11.619510720838498 25.93649 24.04852 24.63789 2.97991 0.744
1729 0.13989013989014 159.388 11.619302075875607 25.93635 24.04882 24.63807 2.97757 0.7436
1728 0.14046014046014044 159.39 11.619093330626743 25.93619 24.04888 24.63806 2.91458 0.7439
1727 0.1410301410301411 159.393 11.618988920364934 25.93602 24.04906 24.63795 2.78901 0.7442
1726 0.14160014160014156 159.423 11.618988920364934 25.93545 24.04932 24.63796 2.91083 0.7431
1725 0.1421851421851421 159.426 11.618780024506215 25.93542 24.04951 24.63811 2.85839 0.7428
1724 0.14275514275514278 159.431 11.61857102812013 25.93525 24.04996 24.63842 2.9185 0.7429
1723 0.143325143325143 159.431 11.618361931109877 25.93474 24.05007 24.63822 2.92582 0.7426
1722 0.143910143910144 159.436 11.618257344840401 25.9347 24.05044 24.63843 2.85542 0.7426
1721 0.14448014448014446 159.451 11.618152733378519 25.9344 24.05066 24.63848 2.86786 0.7425
1720 0.145065145065145 159.465 11.618048096712092 25.93393 24.05088 24.63841 2.91707 0.7426
1719 0.14563514563514546 159.46 11.617734035364018 25.93396 24.05106 24.63851 2.78901 0.7422
1718 0.14622014622014623 159.441 11.617419746737177 25.9337 24.05117 24.63843 2.75788 0.7425
1717 0.14679014679014712 159.454 11.617314933298294 25.9334 24.05147 24.63857 2.81488 0.7422
1716 0.14737514737514745 159.465 11.617105230502379 25.93313 24.05182 24.63868 2.81475 0.7422
1715 0.147960147960148 159.456 11.61689542640076 25.93285 24.05206 24.63872 2.83214 0.7423
1714 0.14853014853014868 159.503 11.6170003411209 25.93284 24.05204 24.63864 2.71531 0.7425
1713 0.14911514911514923 159.508 11.61689542640076 25.9322 24.0526 24.63877 2.854 0.7424
1712 0.14970014970014978 159.516 11.616685520895512 25.93211 24.05283 24.63886 2.7638 0.7419
1711 0.15027015027015 159.496 11.616370472291269 25.93186 24.05298 24.63886 2.79284 0.7418
1710 0.15085515085515078 159.505 11.616160312847583 25.93188 24.05319 24.63897 2.66564 0.7419
1709 0.15144015144015155 159.525 11.616160312847583 25.93141 24.05346 24.63893 2.72733 0.7418
1708 0.15202515202515188 159.537 11.616055194976585 25.93117 24.05378 24.63906 2.72183 0.7414
1707 0.15261015261015265 159.553 11.615950051656402 25.93101 24.05384 24.63883 2.63948 0.7416
1706 0.1531951531951532 159.541 11.615634468877415 25.93086 24.05421 24.63918 2.68086 0.7415
1705 0.15378015378015375 159.558 11.615529223637132 25.93058 24.05445 24.63918 2.65902 0.7416
1704 0.15436515436515408 159.557 11.615318656611478 25.93016 24.05465 24.63912 2.73564 0.7413
1703 0.15495015495015463 159.567 11.615213334801359 25.92991 24.05495 24.63917 2.72018 0.7415
1702 0.15553515553515562 159.589 11.615107987443194 25.92992 24.05505 24.63914 2.62137 0.7421
1701 0.15612015612015617 159.575 11.614791791956417 25.92963 24.05529 24.63919 2.64499 0.7423
1700 0.15670515670515672 159.598 11.614791791956417 25.92913 24.05573 24.63928 2.73033 0.7419
1699 0.15729015729015727 159.617 11.614686342282013 25.92898 24.05595 24.63938 2.69301 0.742
1698 0.15787515787515782 159.609 11.614475366090396 25.92858 24.05626 24.63941 2.76362 0.7422
1697 0.15846015846015815 159.623 11.614369839548289 25.92849 24.05648 24.63947 2.67096 0.7424
1696 0.15906015906015902 159.635 11.614264287358704 25.92785 24.05679 24.63938 2.8337 0.7425
1695 0.15964515964515957 159.649 11.614158709509175 25.92816 24.05687 24.63948 2.59784 0.7425
1694 0.16023016023016012 159.652 11.61394747678035 25.92779 24.05713 24.63953 2.66758 0.7424
1693 0.1608151608151609 159.677 11.61394747678035 25.92743 24.05751 24.63963 2.6562 0.7426
1692 0.16141516141516155 159.676 11.613736141261871 25.92713 24.05766 24.63952 2.7009 0.7421
1691 0.16200016200016187 159.69 11.613630434925241 25.92689 24.05802 24.63972 2.69165 0.7423
1690 0.16260016260016252 159.728 11.613736141261871 25.92657 24.05832 24.6396 2.68508 0.7422
1689 0.1631851631851633 159.711 11.613418945034573 25.9265 24.05855 24.6398 2.60324 0.7422
1688 0.16378516378516395 159.721 11.61320735210376 25.92624 24.05879 24.63984 2.60268 0.7426
1687 0.1643701643701645 159.749 11.61320735210376 25.92607 24.0589 24.63966 2.61106 0.7429
1686 0.16497016497016492 159.749 11.612995656032348 25.92569 24.05919 24.63979 2.66898 0.7429
1685 0.16555516555516547 159.748 11.612783856719735 25.92575 24.05945 24.63999 2.49617 0.7432
1684 0.16615516615516612 159.77 11.612783856719735 25.92532 24.05992 24.64 2.50667 0.7431
1683 0.16674016674016667 159.812 11.612889769287484 25.92493 24.0602 24.63996 2.55131 0.7433
1682 0.16734016734016754 159.811 11.612677918316502 25.9249 24.06029 24.64006 2.52845 0.7435
1681 0.1679401679401682 159.823 11.612571954065176 25.92431 24.06084 24.64023 2.59108 0.7436
1680 0.16854016854016862 159.843 11.612571954065176 25.92441 24.06085 24.64012 2.48183 0.7439
1679 0.16912516912516917 159.833 11.612253906096438 25.92405 24.0612 24.6401 2.49612 0.7436
1678 0.16972516972516982 159.839 11.61204174464527 25.92371 24.06167 24.64034 2.47818 0.7439
1677 0.17032517032517025 159.889 11.612253906096438 25.92354 24.06189 24.64038 2.4611 0.7438
1676 0.17092517092517068 159.891 11.61204174464527 25.92326 24.06213 24.64038 2.47066 0.7439
1675 0.17152517152517155 159.915 11.61204174464527 25.92311 24.06238 24.64049 2.42025 0.7441
1674 0.17212517212517242 159.925 11.611935625040122 25.92279 24.06271 24.64046 2.42678 0.7443
1673 0.17272517272517263 159.917 11.611617110554336 25.92273 24.06295 24.64052 2.31996 0.7446
1672 0.17332517332517328 159.942 11.611617110554336 25.92243 24.0633 24.64062 2.30351 0.7447
1671 0.17392517392517393 159.957 11.611510887126656 25.9221 24.06336 24.64032 2.49088 0.7447
1670 0.17452517452517458 159.979 11.611510887126656 25.92165 24.06369 24.64041 2.5592 0.7448
1669 0.17512517512517523 159.987 11.611404637711594 25.92179 24.06402 24.64066 2.26594 0.7448
1668 0.17572517572517565 159.996 11.611298362296429 25.92127 24.06433 24.64054 2.43909 0.7455
1667 0.1763251763251763 159.999 11.611085733414873 25.92101 24.06454 24.64052 2.46803 0.7457
1666 0.17694017694017683 160.023 11.610979379922997 25.92111 24.06487 24.64075 2.19886 0.746
1665 0.17754017754017748 160.028 11.610873000380051 25.9207 24.06506 24.64057 2.38953 0.746
1664 0.17814017814017813 160.025 11.61066016308988 25.92027 24.06558 24.64077 2.37781 0.7464
1663 0.17874017874017878 160.06 11.61076659477327 25.9203 24.06588 24.64089 2.13046 0.7458
1662 0.1793551793551793 160.087 11.61076659477327 25.91995 24.06611 24.64083 2.23959 0.7458
1661 0.17995517995517973 160.12 11.61076659477327 25.9198 24.06635 24.64077 2.22513 0.7463
1660 0.18057018057018048 160.12 11.610553705317095 25.91953 24.06683 24.64102 2.10995 0.7467
1659 0.18117018117018113 160.129 11.61044722144212 25.91927 24.06715 24.64105 2.09976 0.7472
1658 0.1817851817851821 160.114 11.610127613075996 25.91911 24.06754 24.64105 2.01332 0.7476
1657 0.1823851823851823 160.158 11.610234175334389 25.91881 24.06765 24.6408 2.18374 0.7478
1656 0.18300018300018306 160.156 11.610021024664146 25.91853 24.06804 24.641 2.14257 0.7478
1655 0.1836001836001837 160.169 11.609914410085997 25.91846 24.0684 24.64108 1.93829 0.7478
1654 0.18421518421518424 160.181 11.609807769328702 25.91814 24.06862 24.64091 2.11903 0.7482
1653 0.18481518481518489 160.203 11.609807769328702 25.91792 24.06913 24.6412 1.9083 0.7478
1652 0.1854301854301852 160.193 11.609487689853285 25.91759 24.06946 24.64099 2.0491 0.7474
1651 0.18604518604518594 160.222 11.609487689853285 25.91751 24.06981 24.64104 1.93434 0.7475
1650 0.1866601866601867 160.263 11.60959440922522 25.91736 24.07006 24.64114 1.85743 0.7467
1649 0.18726018726018712 160.264 11.609487689853285 25.91717 24.07043 24.64117 1.80588 0.7467
1648 0.18787518787518787 160.29 11.609487689853285 25.91666 24.07097 24.64136 1.85849 0.7469
1647 0.1884901884901884 160.307 11.609380944250708 25.91654 24.0711 24.64128 1.85775 0.7468
1646 0.18910518910518936 160.341 11.609487689853285 25.91637 24.07154 24.64143 1.70808 0.7463
1645 0.18972018972018945 160.331 11.60916737430202 25.91603 24.07188 24.64148 1.78648 0.7464
1644 0.1903351903351902 160.356 11.60916737430202 25.91591 24.07225 24.64173 1.6073 0.7464
1643 0.19095019095019095 160.369 11.609060549930087 25.91556 24.07247 24.64167 1.7701 0.7456
1642 0.19156519156519147 160.381 11.608953699275864 25.91524 24.07262 24.64152 1.94021 0.746
1641 0.19218019218019244 160.355 11.608526033577194 25.91531 24.07287 24.64163 1.62737 0.7459
1640 0.19279519279519275 160.384 11.608526033577194 25.91496 24.07339 24.64192 1.55619 0.7457
1639 0.1934101934101935 160.419 11.608632989490037 25.91456 24.07367 24.6419 1.74183 0.7458
1638 0.19402519402519403 160.449 11.608632989490037 25.91462 24.07402 24.6421 1.45553 0.7459
1637 0.19465519465519443 160.459 11.608526033577194 25.91427 24.07426 24.64206 1.58717 0.7455
1636 0.1952701952701954 160.483 11.608526033577194 25.91397 24.07458 24.64217 1.59124 0.7458
1635 0.19588519588519615 160.462 11.608205007704326 25.91381 24.07488 24.64225 1.51275 0.7456
1634 0.19651519651519656 160.466 11.607990858547176 25.91351 24.07521 24.64231 1.56964 0.7458
1633 0.19713019713019708 160.498 11.607990858547176 25.91325 24.07558 24.64247 1.52732 0.7463
1632 0.19774519774519783 160.521 11.607990858547176 25.91307 24.07589 24.64257 1.46814 0.7465
1631 0.19837519837519846 160.524 11.607776603741693 25.9129 24.07605 24.64235 1.58866 0.7463
1630 0.19899019899019899 160.535 11.607669436688242 25.91257 24.07642 24.6426 1.53605 0.7464
1629 0.1996201996201996 160.544 11.607562243183589 25.91229 24.07666 24.64258 1.60634 0.7463
1628 0.20023520023520014 160.541 11.607347776768414 25.91232 24.07705 24.64287 1.28627 0.7466
1627 0.20086520086520077 160.57 11.607347776768414 25.9119 24.07735 24.64295 1.36335 0.7469
1626 0.20148020148020152 160.611 11.60745502321467 25.91184 24.07749 24.64283 1.36497 0.7472
1625 0.20211020211020214 160.601 11.607240503831743 25.9115 24.07795 24.64311 1.30482 0.7465
1624 0.20274020274020277 160.594 11.606918525948291 25.91131 24.07829 24.64316 1.306 0.747
1623 0.2033552033552033 160.61 11.606918525948291 25.91114 24.07843 24.64313 1.33408 0.747
1622 0.20398520398520392 160.639 11.606918525948291 25.91053 24.07869 24.64302 1.63792 0.7474
1621 0.20461520461520477 160.657 11.606811146918963 25.9104 24.07901 24.6431 1.56181 0.7477
1620 0.20524520524520518 160.646 11.606596309179285 25.91009 24.07936 24.6433 1.55165 0.7472
1619 0.20587520587520558 160.669 11.606488850442648 25.91021 24.07972 24.64343 1.28483 0.7477
1618 0.20649020649020633 160.673 11.606381365110606 25.90981 24.07988 24.6433 1.52656 0.7473
1617 0.20712020712020718 160.683 11.606273853169988 25.90951 24.08033 24.6436 1.39751 0.7478
1616 0.2077502077502078 160.692 11.606058749410314 25.90926 24.08043 24.64345 1.56651 0.7481
1615 0.2083802083802082 160.706 11.606058749410314 25.90893 24.08086 24.64369 1.50494 0.7484
1614 0.20901020901020906 160.714 11.605843539058089 25.90886 24.08114 24.64373 1.44267 0.748
1613 0.20964020964020968 160.734 11.605843539058089 25.90866 24.08151 24.6439 1.3415 0.7482
1612 0.2102852102852104 160.743 11.605735893876746 25.90836 24.08172 24.6439 1.45088 0.7484
1611 0.21091521091521104 160.741 11.60552052343747 25.90789 24.08218 24.64407 1.5251 0.7488
1610 0.21154521154521166 160.756 11.60541279815305 25.90805 24.08253 24.64402 1.39112 0.7489
1609 0.21217521217521207 160.772 11.60530504614111 25.90775 24.08271 24.64418 1.34736 0.7489
1608 0.21280521280521314 160.782 11.605197267388379 25.90727 24.08278 24.64396 1.65214 0.7493
1607 0.21345021345021342 160.77 11.604873770552636 25.90697 24.08321 24.6441 1.64596 0.7495
1606 0.21408021408021405 160.753 11.604550032571261 25.90697 24.08364 24.6444 1.39023 0.7491
1605 0.21471021471021468 160.78 11.604550032571261 25.90694 24.08385 24.64445 1.26665 0.7496
1604 0.2153552153552154 160.814 11.604657972047871 25.90642 24.08422 24.64437 1.54016 0.7488
1603 0.21598521598521603 160.832 11.604550032571261 25.90623 24.08461 24.64465 1.38079 0.7492
1602 0.21663021663021675 160.838 11.604442066260724 25.90605 24.08481 24.64455 1.48986 0.7492
1601 0.21726021726021738 160.848 11.604334073102912 25.90571 24.0851 24.64458 1.55108 0.7486
1600 0.21790521790521789 160.828 11.60390183173167 25.90552 24.08542 24.64472 1.50194 0.7491
1599 0.2185352185352185 160.845 11.60390183173167 25.90502 24.08568 24.64461 1.73561 0.7492
1598 0.21918021918021924 160.826 11.603577368151466 25.90505 24.08594 24.64478 1.53529 0.7486
1597 0.21982521982521974 160.875 11.6036855496147 25.90473 24.08621 24.6448 1.6109 0.7486
1596 0.22045522045522037 160.904 11.603793704136963 25.90423 24.08653 24.64485 1.76371 0.7493
1595 0.22110022110022087 160.911 11.603577368151466 25.90414 24.0868 24.6449 1.73042 0.7494
1594 0.22174522174522182 160.909 11.603360924348381 25.90396 24.08698 24.64489 1.73739 0.7494
1593 0.22239022239022233 160.954 11.603577368151466 25.90376 24.08735 24.64516 1.57158 0.7495
1592 0.22303522303522305 160.949 11.603252661981648 25.90344 24.08767 24.64522 1.60358 0.7496
1591 0.22366522366522368 160.986 11.603360924348381 25.90289 24.08794 24.64521 1.81114 0.75
1590 0.2243102243102244 160.99 11.603252661981648 25.9028 24.08825 24.64543 1.628 0.7501
1589 0.2249552249552247 161.019 11.603252661981648 25.90257 24.08842 24.6454 1.70433 0.7503
1588 0.22560022560022563 161.046 11.603252661981648 25.90226 24.0888 24.64543 1.80102 0.7506
1587 0.22624522624522614 161.02 11.6028193424327 25.90213 24.08912 24.64564 1.68532 0.7505
1586 0.22689022689022686 161.024 11.602710944957558 25.90189 24.08938 24.64576 1.64989 0.7503
1585 0.22755022755022747 161.045 11.602710944957558 25.90198 24.08956 24.64575 1.56661 0.7507
1584 0.2281952281952282 161.022 11.602277084300193 25.90142 24.09004 24.64593 1.66368 0.7509
1583 0.22884022884022914 161.065 11.602385590105104 25.90134 24.0901 24.64573 1.73835 0.7503
1582 0.2294852294852292 161.074 11.602277084300193 25.90092 24.09057 24.64606 1.65595 0.7507
1581 0.23013023013023015 161.068 11.602059991327963 25.90085 24.09065 24.64592 1.72222 0.7509
1580 0.23079023079023075 161.031 11.60151678365001 25.90027 24.09106 24.64606 1.85066 0.7512
1579 0.23143523143523148 161.086 11.601842789782099 25.90025 24.0913 24.6461 1.77408 0.7513
1578 0.2320802320802322 161.086 11.601625479553945 25.90006 24.09166 24.64633 1.66545 0.7515
1577 0.2327402327402328 161.11 11.601625479553945 25.8998 24.09194 24.64638 1.67831 0.752
1576 0.23338523338523331 161.097 11.601299310194337 25.8994 24.09231 24.64649 1.77236 0.7521
1575 0.23404523404523392 161.143 11.60151678365001 25.89964 24.09248 24.64668 1.45097 0.7526
1574 0.23469023469023464 161.124 11.601081727784024 25.89901 24.09276 24.64664 1.70463 0.752
1573 0.23535023535023525 161.145 11.601081727784024 25.89881 24.09321 24.64678 1.67789 0.7526
1572 0.23601023601023607 161.161 11.600972895686748 25.89874 24.09342 24.64682 1.62683 0.7528
1571 0.23665523665523658 161.177 11.600972895686748 25.89837 24.09373 24.64701 1.61859 0.7531
1570 0.2373152373152374 161.165 11.600646235662394 25.89844 24.0938 24.6469 1.607 0.7532
1569 0.23797523797523823 161.184 11.600646235662394 25.89792 24.09436 24.64717 1.61601 0.7537
1568 0.23862023862023873 161.203 11.600537294364468 25.89767 24.09459 24.64719 1.66645 0.7539
1567 0.23928023928023934 161.194 11.600319329751661 25.8976 24.09477 24.64713 1.66789 0.754
1566 0.23994023994023994 161.21 11.600210306409329 25.89735 24.09488 24.64705 1.79616 0.7546
1565 0.24060024060024054 161.246 11.600319329751661 25.89727 24.0954 24.64755 1.45122 0.7548
1564 0.24126024126024115 161.245 11.60010125569139 25.89717 24.09563 24.64753 1.51441 0.7551
1563 0.24192024192024197 161.275 11.60010125569139 25.89686 24.09591 24.64759 1.54204 0.7554
1562 0.24258024258024236 161.26 11.599773939146388 25.89671 24.09598 24.64746 1.67909 0.7556
1561 0.24324024324024296 161.268 11.599664778788418 25.89636 24.09635 24.6477 1.56969 0.7559
1560 0.243900243900244 161.288 11.599664778788418 25.89591 24.09656 24.64762 1.74381 0.7561
1559 0.2445602445602446 161.275 11.599337132992488 25.89573 24.0967 24.64743 1.93759 0.7568
1558 0.245220245220245 161.29 11.599227862773796 25.89559 24.09715 24.64785 1.69476 0.7569
1557 0.24588024588024582 161.275 11.598899887063883 25.89536 24.09721 24.6476 1.96109 0.757
1556 0.24655524655524652 161.334 11.599227862773796 25.89536 24.09754 24.64779 1.8224 0.7561
1555 0.24721524721524712 161.373 11.599337132992488 25.89498 24.09782 24.64794 1.7404 0.7564
1554 0.24787524787524795 161.333 11.598790506763114 25.89515 24.09779 24.64771 2.00001 0.7566
1553 0.24855024855024865 161.336 11.598681098907164 25.8947 24.09824 24.64786 1.96948 0.7564
1552 0.24921024921024904 161.342 11.59846220047415 25.89462 24.09833 24.64776 2.11732 0.7564
1551 0.24988524988524974 161.337 11.598243191653623 25.89429 24.09861 24.64791 2.0886 0.7558
1550 0.2505452505452508 161.368 11.598352709869284 25.89413 24.09901 24.64808 1.95374 0.7557
1549 0.25122025122025127 161.346 11.597914471202529 25.89392 24.09921 24.64795 2.1773 0.756
1548 0.2518802518802521 161.351 11.597804842404292 25.89383 24.09956 24.6482 2.0083 0.7555
1547 0.2525552525552526 161.337 11.597475789870378 25.89357 24.09986 24.6482 2.07336 0.7546
1546 0.2532152532152532 161.389 11.597695185925513 25.89341 24.10011 24.64821 2.17498 0.7542
1545 0.2538902538902539 161.417 11.597695185925513 25.89317 24.10037 24.64828 2.1963 0.7536
1544 0.2545652545652546 161.409 11.597475789870378 25.893 24.10067 24.64826 2.25768 0.7532
1543 0.2552402552402553 161.435 11.597475789870378 25.89271 24.10094 24.64827 2.3257 0.7524
1542 0.2559002559002561 161.436 11.597256282925143 25.89277 24.10121 24.64841 2.28607 0.7523
1541 0.2565752565752566 161.443 11.597146487833696 25.89237 24.10142 24.64829 2.49584 0.7525
1540 0.2572502572502573 161.465 11.597146487833696 25.8922 24.1017 24.64839 2.50648 0.7521
1539 0.257925257925258 161.469 11.59692681434297 25.89195 24.10216 24.64874 2.28001 0.751
1538 0.2586002586002587 161.492 11.59692681434297 25.89171 24.10244 24.64882 2.30366 0.751
1537 0.2592752592752592 161.524 11.597036664977653 25.89154 24.10255 24.64877 2.41716 0.7502
1536 0.25995025995025967 161.531 11.59692681434297 25.89122 24.1029 24.64869 2.55642 0.75
1535 0.2606252606252606 161.574 11.597036664977653 25.89116 24.10311 24.64885 2.49097 0.7493
1534 0.2613002613002615 161.59 11.59692681434297 25.89065 24.10354 24.64905 2.36713 0.7492
1533 0.2619902619902619 161.598 11.59681693591559 25.8905 24.10367 24.64894 2.56391 0.7493
1532 0.2626652626652626 161.592 11.59659709562646 25.89022 24.1041 24.64919 2.46705 0.749
1531 0.26334026334026306 161.615 11.59659709562646 25.88999 24.10436 24.64922 2.49858 0.7479
1530 0.2640152640152642 161.623 11.596487133736543 25.88999 24.1046 24.64936 2.48441 0.7478
1529 0.2647052647052648 161.664 11.59659709562646 25.88997 24.10485 24.64945 2.5557 0.7478
1528 0.26538026538026527 161.668 11.5963771439976 25.88922 24.10518 24.64941 2.58362 0.747
1527 0.26607026607026607 161.702 11.596487133736543 25.88932 24.1054 24.64959 2.57131 0.7464
1526 0.26674526674526655 161.708 11.5963771439976 25.88903 24.10567 24.64965 2.59123 0.7466
1525 0.2674352674352678 161.723 11.596267126395515 25.88871 24.10601 24.64975 2.57443 0.7462
1524 0.26811026811026806 161.721 11.596047007545438 25.88852 24.10639 24.65007 2.42461 0.7463
1523 0.26880026880026886 161.751 11.596047007545438 25.88825 24.10653 24.64994 2.60028 0.745
1522 0.26947526947526956 161.759 11.595936906269174 25.88804 24.10678 24.64999 2.64931 0.7448
1521 0.27016527016527014 161.792 11.596047007545438 25.88792 24.10713 24.65018 2.57345 0.7446
1520 0.27085527085527117 161.802 11.595936906269174 25.88744 24.10751 24.65028 2.53678 0.7443
1519 0.2715452715452715 161.818 11.595826777073222 25.88715 24.10764 24.6503 2.60492 0.7437
1518 0.27222027222027223 161.822 11.595716619943424 25.88706 24.10789 24.65043 2.61415 0.7436
1517 0.27291027291027303 161.847 11.595716619943424 25.88671 24.10829 24.65053 2.60312 0.7433
1516 0.2736002736002734 161.873 11.595716619943424 25.88645 24.10859 24.6507 2.51817 0.7434
1515 0.2742902742902742 161.874 11.595606434865603 25.88637 24.10889 24.65082 2.55606 0.7426
1514 0.274980274980275 161.893 11.595496221825574 25.88592 24.10907 24.65067 2.6893 0.743
1513 0.2756702756702758 161.893 11.595275711802099 25.88556 24.10944 24.65086 2.60077 0.7428
1512 0.2763602763602764 161.899 11.59516541479023 25.88574 24.10968 24.65104 2.61507 0.7428
1511 0.2770502770502772 161.918 11.59516541479023 25.88515 24.1101 24.65119 2.49058 0.7417
1510 0.27774027774027776 161.919 11.594944736695084 25.8851 24.11016 24.65103 2.77113 0.7419
1509 0.27844527844527844 161.947 11.594944736695084 25.88469 24.11058 24.65129 2.60679 0.7419
1508 0.279135279135279 161.924 11.594613509160098 25.88437 24.11092 24.65148 2.52464 0.7406
1507 0.27982527982528005 161.948 11.594613509160098 25.88414 24.11098 24.65131 2.74251 0.7411
1506 0.28051528051528063 161.977 11.594613509160098 25.88396 24.11137 24.65156 2.5893 0.7401
1505 0.2812202812202811 161.984 11.594503043820088 25.88366 24.11167 24.65168 2.57529 0.74
1504 0.2819102819102819 162.007 11.594503043820088 25.88341 24.11214 24.65201 2.40747 0.7403
1503 0.28261528261528235 161.971 11.594060901270419 25.88309 24.11231 24.65204 2.43666 0.7401
1502 0.2833052833052834 161.983 11.593950295263987 25.88284 24.1126 24.65206 2.49307 0.7398
1501 0.28401028401028405 161.988 11.593728998707912 25.88243 24.11286 24.65215 2.44674 0.74
1500 0.2847002847002844 162.02 11.59383966108127 25.88208 24.11315 24.65223 2.45605 0.7389
1499 0.28540528540528554 162.014 11.593618308129535 25.88201 24.11342 24.6523 2.50137 0.7392
1498 0.286110286110286 162.044 11.593618308129535 25.88164 24.11368 24.65235 2.54533 0.7391
1497 0.2868002868002866 161.99 11.593064431658718 25.88131 24.11406 24.65247 2.47251 0.7391
1496 0.2875052875052875 162.025 11.593064431658718 25.88109 24.11445 24.65282 2.30598 0.7388
1495 0.2882102882102884 161.989 11.592620821321983 25.88085 24.11461 24.65273 2.4383 0.7382
1494 0.28891528891528884 162.035 11.5928426831311 25.88083 24.11478 24.65268 2.5968 0.7388
1493 0.28962028962028974 162.012 11.592398846115564 25.88028 24.11517 24.65297 2.3927 0.7371
1492 0.2903252903252904 162.041 11.592509847900681 25.87982 24.11534 24.65287 2.54086 0.7374
1491 0.2910302910302911 162.052 11.592398846115564 25.88001 24.11578 24.65323 2.38326 0.7375
1490 0.2917352917352918 162.026 11.591954555046735 25.87957 24.11606 24.65328 2.39589 0.7371
1489 0.2924402924402927 162.062 11.592065670432246 25.8791 24.11626 24.65325 2.45071 0.7369
1488 0.29314529314529314 162.041 11.591732238951835 25.87882 24.11675 24.65366 2.22842 0.7374
1487 0.29385029385029404 162.023 11.591398551281248 25.87858 24.11687 24.65355 2.38381 0.7371
1486 0.2945552945552945 162.034 11.591287265058499 25.87818 24.11727 24.65372 2.30811 0.7365
1485 0.2952602952602952 162.032 11.5910646070265 25.87804 24.11756 24.65392 2.23572 0.7366
1484 0.29598029598029574 162.083 11.591287265058499 25.87772 24.11775 24.65392 2.32157 0.7369
1483 0.29668529668529664 162.092 11.591175950311792 25.87728 24.11821 24.65419 2.16893 0.7363
1482 0.2973902973902973 162.077 11.590841834781603 25.87713 24.11822 24.65391 2.50004 0.7366
1481 0.2981102981102981 162.05 11.590507462008583 25.87687 24.11859 24.6542 2.35491 0.7363
1480 0.2988152988152988 162.09 11.590618948206577 25.87673 24.11905 24.65457 2.17049 0.7368
1479 0.29953529953529956 162.077 11.590284403718162 25.87614 24.11916 24.65437 2.343 0.7358
1478 0.30024030024030024 162.092 11.590172831596314 25.87584 24.11938 24.65447 2.33853 0.7361
1477 0.300960300960301 162.08 11.589949601325708 25.87551 24.11968 24.65451 2.36625 0.7359
1476 0.3016803016803016 162.09 11.58983794314746 25.87512 24.12001 24.65475 2.27414 0.7357
1475 0.3023853023853025 162.076 11.589502796263764 25.87508 24.12034 24.65487 2.22704 0.7356
1474 0.30310530310530304 162.094 11.589502796263764 25.87492 24.12064 24.65512 2.10629 0.7352
1473 0.3038253038253038 162.09 11.589279221235968 25.87444 24.12089 24.65513 2.15351 0.7353
1472 0.3045453045453046 162.132 11.589391023136933 25.87422 24.1213 24.6555 1.92199 0.735
1471 0.3052653052653054 162.101 11.588943642740015 25.87409 24.12165 24.65554 1.97555 0.7349
1470 0.30598530598530593 162.151 11.589167390546047 25.87362 24.12187 24.65557 1.99816 0.7346
1469 0.3067053067053067 162.147 11.588943642740015 25.8734 24.12213 24.65574 1.91226 0.7344
1468 0.3074253074253077 162.117 11.58849580100721 25.87309 24.12246 24.65593 1.82886 0.7344
1467 0.30814530814530805 162.095 11.588159616383091 25.87281 24.12273 24.65595 1.8454 0.7345
1466 0.3088653088653086 162.117 11.588159616383091 25.87258 24.12302 24.65613 1.77837 0.7343
1465 0.3095853095853096 162.122 11.588047496986082 25.87229 24.12321 24.65607 1.8453 0.7345
1464 0.3103053103053104 162.085 11.587486465410963 25.87199 24.12356 24.65634 1.6546 0.7345
1463 0.31104031104031105 162.073 11.587261849692535 25.87135 24.12388 24.65655 1.57818 0.7349
1462 0.3117603117603118 162.045 11.586812269443376 25.87127 24.12425 24.65679 1.36734 0.7347
1461 0.3124803124803124 162.025 11.586474778571397 25.87132 24.12436 24.65672 1.43083 0.7351
1460 0.31321531321531304 162.038 11.586362223307866 25.87091 24.12466 24.65671 1.53937 0.7348
1459 0.31393531393531404 161.979 11.585686278452497 25.87034 24.125 24.65684 1.57129 0.7349
1458 0.3146703146703147 161.968 11.585460729508501 25.87014 24.12549 24.65737 1.16495 0.7349
1457 0.3153903153903157 161.981 11.58534791109459 25.86998 24.12555 24.65716 1.38235 0.7354
1456 0.31612531612531614 162.001 11.58534791109459 25.86945 24.12583 24.65734 1.40252 0.7352
1455 0.3168453168453167 162.001 11.585122186306815 25.86947 24.12621 24.65766 1.12663 0.7354
1454 0.3175803175803176 161.994 11.58489634413745 25.86901 24.12646 24.65759 1.32057 0.736
1453 0.31831531831531823 162.014 11.58489634413745 25.86865 24.12675 24.65775 1.30024 0.7353
1452 0.31905031905031933 162.009 11.58467038446435 25.86837 24.12701 24.65788 1.29801 0.7355
1451 0.31977031977031967 162.0 11.584444307165176 25.86799 24.12732 24.65801 1.3132 0.7359
1450 0.32050532050532055 161.978 11.583991799198316 25.86792 24.12763 24.65822 1.14405 0.7356
1449 0.3212403212403212 161.975 11.583765368285 25.86776 24.12802 24.65848 0.97493 0.7354
1448 0.3219753219753221 161.977 11.583652108542044 25.86766 24.12822 24.6585 0.9498 0.7358
1447 0.32271032271032274 162.024 11.583878598498625 25.86709 24.12842 24.65847 1.23325 0.7356
1446 0.3234453234453232 162.038 11.583765368285 25.86677 24.12887 24.65889 1.05742 0.7358
1445 0.3241803241803243 162.014 11.583425500406507 25.86642 24.12922 24.65913 1.04151 0.7366
1444 0.32493032493032503 162.004 11.583085366347687 25.86621 24.12939 24.65896 1.13695 0.736
1443 0.3256653256653257 162.045 11.583312151983078 25.86589 24.12975 24.65929 1.05102 0.7366
1442 0.32640032640032657 162.047 11.583085366347687 25.86565 24.12996 24.65934 1.05084 0.7368
1441 0.3271353271353272 162.07 11.583085366347687 25.86524 24.1302 24.65942 1.16567 0.7365
1440 0.32788532788532776 162.099 11.583198773968622 25.86513 24.13057 24.65962 1.00961 0.7373
1439 0.3286203286203284 162.062 11.582631439489637 25.86452 24.13089 24.65986 1.18144 0.7371
1438 0.3293703293703296 162.101 11.582744965691276 25.8642 24.13123 24.66012 1.19037 0.7374
1437 0.33010533010533005 162.115 11.582744965691276 25.86402 24.13148 24.66026 1.10529 0.7379
1436 0.3308553308553306 162.142 11.582744965691276 25.86374 24.13163 24.66016 1.18377 0.7385
1435 0.3315903315903317 162.151 11.582631439489637 25.86355 24.13199 24.66039 1.05719 0.7377
1434 0.33234033234033244 162.157 11.582517883604062 25.86322 24.13218 24.66042 1.12773 0.7383
1433 0.333090333090333 162.153 11.582290682718995 25.86291 24.13263 24.66073 1.06324 0.7383
1432 0.33382533382533386 162.183 11.582290682718995 25.86267 24.13293 24.66092 1.0254 0.7383
1431 0.3345753345753346 162.168 11.58206336291171 25.86228 24.13321 24.66104 1.12976 0.7384
1430 0.33532533532533537 162.185 11.581949658373318 25.86196 24.13337 24.661 1.19101 0.7388
1429 0.33607533607533613 162.201 11.581949658373318 25.86152 24.13378 24.66144 1.26982 0.7389
1428 0.3368253368253369 162.227 11.581949658373318 25.86126 24.134 24.66149 1.29883 0.739
1427 0.33757533757533764 162.219 11.581722159949098 25.86125 24.13426 24.66159 1.06955 0.7393
1426 0.3383253383253384 162.231 11.581608366032057 25.86058 24.13442 24.66161 1.4157 0.7394
1425 0.33907533907533915 162.233 11.5814945422909 25.86057 24.13477 24.66179 1.15784 0.74
1424 0.3398253398253399 162.23 11.581266805273671 25.86005 24.13502 24.66206 1.3792 0.7403
1423 0.34057534057534067 162.28 11.5814945422909 25.85993 24.13535 24.66216 1.24238 0.7402
1422 0.3413403413403413 162.291 11.581380688709986 25.85958 24.13573 24.66255 1.30355 0.7409
1421 0.34209034209034206 162.291 11.581152891966289 25.85927 24.13585 24.66264 1.37443 0.741
1420 0.3428403428403428 162.346 11.581380688709986 25.859 24.13623 24.66283 1.37165 0.7412
1419 0.34360534360534367 162.35 11.581266805273671 25.85837 24.13635 24.66297 1.62884 0.7417
1418 0.34435534435534443 162.363 11.581266805273671 25.85813 24.13671 24.6632 1.60749 0.7409
1417 0.34512034512034506 162.399 11.581266805273671 25.85806 24.13693 24.66334 1.42191 0.7405
1416 0.3458703458703458 162.406 11.581152891966289 25.85792 24.13716 24.6635 1.33413 0.7409
1415 0.3466353466353467 162.441 11.581266805273671 25.8573 24.13732 24.66367 1.6086 0.7409
1414 0.34738534738534743 162.469 11.581266805273671 25.85686 24.13769 24.664 1.73631 0.7412
1413 0.34815034815034807 162.469 11.581152891966289 25.85695 24.13783 24.66389 1.4164 0.7407
1412 0.3489153489153489 162.526 11.581380688709986 25.85648 24.13811 24.66411 1.58929 0.7402
1411 0.3496803496803498 162.507 11.581038948772168 25.85609 24.1383 24.66428 1.66712 0.7404
1410 0.3504303504303503 162.498 11.580810972660947 25.85592 24.13839 24.66425 1.62276 0.741
1409 0.35119535119535117 162.544 11.581038948772168 25.85554 24.13864 24.6645 1.7354 0.7405
1408 0.351960351960352 162.528 11.580696939712437 25.8553 24.13891 24.66479 1.69316 0.7401
1407 0.35272535272535266 162.529 11.580582876814367 25.85499 24.13924 24.66508 1.7401 0.7397
1406 0.3534903534903535 162.592 11.580810972660947 25.85486 24.13953 24.66521 1.66697 0.74
1405 0.35425535425535415 162.564 11.580468783951002 25.85436 24.13962 24.66526 1.87364 0.7395
1404 0.3550353550353551 162.643 11.58092497567562 25.85407 24.13985 24.66534 1.89595 0.7398
1403 0.35580035580035574 162.62 11.580582876814367 25.8535 24.14009 24.66553 2.11458 0.7394
1402 0.3565653565653566 162.64 11.580468783951002 25.85332 24.14039 24.66588 2.1045 0.7398
1401 0.35733035733035745 162.648 11.580354661106592 25.85334 24.14059 24.66577 1.85449 0.7391
1400 0.3581103581103582 162.667 11.580354661106592 25.85289 24.14079 24.66585 1.99706 0.7389
1399 0.3588753588753588 162.678 11.580240508265376 25.85255 24.14097 24.66595 2.064 0.7379
1398 0.3596553596553598 162.628 11.579669293554721 25.8522 24.14127 24.66619 2.132 0.7383
1397 0.3604203604203604 162.681 11.579897869603103 25.85215 24.14161 24.66636 1.99482 0.7384
1396 0.36120036120036114 162.691 11.57978359661681 25.85176 24.14174 24.6664 2.10191 0.7379
1395 0.361965361965362 162.732 11.580012112529424 25.85141 24.14202 24.66648 2.18443 0.7379
1394 0.36274536274536273 162.734 11.57978359661681 25.85122 24.14229 24.6666 2.12416 0.7378
1393 0.36352536352536347 162.72 11.579554960401 25.85082 24.14247 24.66667 2.25572 0.7379
1392 0.3643053643053644 162.758 11.579669293554721 25.85045 24.14289 24.66703 2.31209 0.7385
1391 0.36508536508536515 162.748 11.579440597139797 25.85033 24.14302 24.66692 2.22643 0.7376
1390 0.3658503658503658 162.762 11.579326203755254 25.84988 24.14321 24.66703 2.37682 0.7381
1389 0.36663036663036674 162.783 11.579326203755254 25.84969 24.1436 24.66715 2.27676 0.7379
1388 0.3674103674103675 162.788 11.5792117802315 25.84937 24.14357 24.66709 2.38525 0.7384
1387 0.3681903681903682 162.8 11.579097326552644 25.84925 24.14417 24.66755 2.23253 0.7381
1386 0.36898536898536904 162.805 11.578982842702791 25.84876 24.14429 24.66755 2.40175 0.7383
1385 0.3697653697653698 162.826 11.578982842702791 25.84855 24.14464 24.66774 2.36843 0.7382
1384 0.3705453705453705 162.815 11.578639209968072 25.84831 24.14485 24.66783 2.3776 0.7385
1383 0.37132537132537147 162.845 11.578753784426434 25.84772 24.14509 24.66791 2.58654 0.7384
1382 0.3721203721203721 162.844 11.578524605274993 25.8475 24.14534 24.66807 2.55913 0.7387
1381 0.3729003729003728 162.851 11.578409970331236 25.84734 24.14567 24.66832 2.5085 0.7393
1380 0.37368037368037377 162.871 11.578409970331236 25.84735 24.14596 24.66823 2.25461 0.7388
1379 0.3744753744753746 162.888 11.578409970331236 25.84668 24.14601 24.66838 2.61487 0.7392
1378 0.37525537525537533 162.895 11.578180609627777 25.84655 24.14653 24.6688 2.51248 0.7394
1377 0.37605037605037595 162.921 11.578295305120827 25.84625 24.14672 24.66882 2.5274 0.7393
1376 0.376845376845377 162.911 11.577951127729754 25.8461 24.14705 24.66888 2.42852 0.7395
1375 0.37762537762537773 162.918 11.577836341292745 25.84573 24.14714 24.66895 2.57744 0.7396
1374 0.37842037842037834 162.906 11.577606677362535 25.84553 24.14737 24.66896 2.56117 0.7403
1373 0.3792153792153792 162.918 11.577491799837226 25.84521 24.14779 24.66928 2.5551 0.7404
1372 0.38001038001038 162.927 11.577376891917014 25.84476 24.14785 24.66931 2.74783 0.7403
1371 0.38080538080538084 162.913 11.577146984827525 25.8446 24.14816 24.66932 2.62762 0.7408
1370 0.3816003816003817 162.943 11.577146984827525 25.84419 24.14841 24.6696 2.76883 0.7411
1369 0.3823953823953823 162.947 11.577031985626032 25.84395 24.14868 24.66958 2.72345 0.7409
1368 0.38319038319038334 162.924 11.576686805200996 25.84354 24.14878 24.66971 2.86922 0.7414
1367 0.38398538398538395 162.94 11.576571684065291 25.84337 24.14912 24.66987 2.79218 0.7417
1366 0.3847803847803848 162.921 11.576226137449606 25.84291 24.14919 24.66986 2.97048 0.7419
1365 0.3855903855903855 162.905 11.575995620203267 25.8429 24.14972 24.67014 2.75042 0.7423
1364 0.38638538638538633 162.89 11.57564961475522 25.84245 24.14991 24.67042 2.92507 0.7428
1363 0.38718038718038716 162.915 11.57564961475522 25.84218 24.15021 24.67047 2.88333 0.743
1362 0.3879903879903881 162.911 11.575534218319865 25.84184 24.15045 24.67065 2.95663 0.7437
1361 0.3887853887853887 162.925 11.57541879121436 25.84159 24.15069 24.67065 2.91231 0.7439
1360 0.38959538959538964 162.957 11.575534218319865 25.84111 24.151 24.67104 3.08995 0.7442
1359 0.3903903903903905 162.925 11.575072325713812 25.84084 24.1511 24.67099 3.16701 0.7443
1358 0.3912003912003912 162.916 11.574841195063385 25.84046 24.15134 24.67101 3.18375 0.7448
1357 0.3920103920103921 162.934 11.574841195063385 25.84001 24.15176 24.67138 3.24964 0.7448
1356 0.39280539280539273 162.953 11.574725583594073 25.83968 24.15193 24.67147 3.34012 0.7448
1355 0.39361539361539366 162.969 11.574725583594073 25.83956 24.15235 24.67165 3.20462 0.7452
1354 0.39442539442539437 162.958 11.574494268285328 25.83893 24.15236 24.6717 3.50664 0.7457
1353 0.3952353952353953 162.912 11.573915440421551 25.83883 24.15269 24.6717 3.36391 0.746
1352 0.396045396045396 162.942 11.574031267727719 25.83861 24.15309 24.67203 3.33979 0.7466
1351 0.39685539685539695 162.984 11.574147064150722 25.8383 24.15344 24.67223 3.34423 0.7467
1350 0.39766539766539766 162.951 11.573683693093798 25.83781 24.15363 24.67238 3.52733 0.7472
1349 0.39847539847539837 162.953 11.573567773039219 25.83763 24.15388 24.67243 3.50128 0.7473
1348 0.3993003993003994 162.954 11.573335840066068 25.8372 24.15422 24.67264 3.55402 0.7479
1347 0.4001104001104001 162.951 11.573219827114421 25.83691 24.15433 24.67261 3.61269 0.7486
1346 0.40092040092040104 162.93 11.57287160220048 25.83634 24.15459 24.67287 3.80065 0.749
1345 0.40174540174540185 162.912 11.572523097849638 25.83607 24.15495 24.6731 3.79449 0.7493
1344 0.40255540255540256 162.902 11.572290606151418 25.83575 24.15505 24.67307 3.83429 0.7498
1343 0.4033804033804034 162.936 11.572290606151418 25.83562 24.15548 24.67322 3.6806 0.7499
1342 0.4041904041904041 162.928 11.57217431361306 25.83525 24.15581 24.67341 3.74364 0.75
1341 0.4050154050154051 162.907 11.57182524904083 25.83497 24.15613 24.67356 3.74356 0.7507
1340 0.4058254058254058 162.929 11.57182524904083 25.83459 24.15621 24.67359 3.87464 0.7513
1339 0.40665040665040664 162.913 11.571475903681943 25.83414 24.15666 24.67393 3.95079 0.7518
1338 0.40747540747540745 162.92 11.57135939275384 25.83381 24.15675 24.67386 4.03702 0.7521
1337 0.40830040830040826 162.916 11.571126277084312 25.83346 24.15712 24.67418 4.07364 0.7525
1336 0.40912540912540907 162.916 11.571009672309305 25.83318 24.15749 24.67431 4.02638 0.7527
1335 0.4099504099504099 162.93 11.570893036218392 25.83277 24.15772 24.67449 4.14403 0.7532
1334 0.4107754107754107 162.929 11.570776368794748 25.83243 24.158 24.67465 4.18623 0.7537
1333 0.4116004116004115 162.956 11.570776368794748 25.8323 24.15835 24.67476 4.06951 0.7541
1332 0.4124254124254123 162.919 11.57030938543588 25.83168 24.15843 24.67491 4.37349 0.7548
1331 0.41325041325041334 162.958 11.570426178358973 25.83132 24.15883 24.67521 4.40364 0.7555
1330 0.414090414090414 162.936 11.570075705321605 25.83109 24.15915 24.67527 4.32647 0.7559
1329 0.41491541491541506 162.949 11.569958818096595 25.83085 24.15929 24.67526 4.35844 0.7564
1328 0.41574041574041587 162.942 11.569841899403762 25.83054 24.15962 24.6755 4.38194 0.7567
1327 0.41658041658041656 162.941 11.569607967546824 25.82999 24.15992 24.67576 4.57459 0.757
1326 0.41740541740541737 162.904 11.569139725472459 25.82985 24.16018 24.67584 4.49843 0.7571
1325 0.4182454182454183 162.936 11.56925683332861 25.82952 24.16043 24.67597 4.53651 0.7578
1324 0.4190704190704191 162.944 11.569139725472459 25.82896 24.16077 24.67635 4.75275 0.758
1323 0.4199104199104202 162.979 11.56925683332861 25.829 24.16111 24.67633 4.5166 0.7582
1322 0.4207504207504207 162.987 11.569139725472459 25.82863 24.16147 24.67655 4.55579 0.7581
1321 0.4215904215904216 162.967 11.568788212315347 25.82809 24.16162 24.67681 4.81587 0.7592
1320 0.4224304224304225 162.983 11.568670978009896 25.828 24.16207 24.67694 4.61347 0.7591
1319 0.4232704232704232 162.961 11.568319085095112 25.82768 24.16224 24.67693 4.66181 0.7596
1318 0.4241104241104241 162.967 11.568201724066995 25.82735 24.16265 24.67733 4.74232 0.7595
1317 0.424950424950425 162.999 11.568319085095112 25.82721 24.16304 24.67747 4.63328 0.7604
1316 0.4257904257904257 162.985 11.568084331315394 25.82688 24.1632 24.67753 4.71861 0.7604
1315 0.4266304266304266 162.978 11.567849450573107 25.82647 24.16333 24.67767 4.87729 0.7605
1314 0.4274704274704275 163.0 11.567849450573107 25.82607 24.16362 24.67793 4.98361 0.7611
1313 0.4283104283104282 163.026 11.567849450573107 25.82586 24.1639 24.67802 4.93275 0.7614
1312 0.4291654291654292 163.041 11.567849450573107 25.82557 24.16425 24.67825 4.96832 0.7612
1311 0.4300054300054299 163.026 11.567496891104222 25.82537 24.1643 24.67818 4.98088 0.7617
1310 0.4308604308604309 163.031 11.56737930765098 25.82508 24.16452 24.67834 5.02429 0.7622
1309 0.4317004317004316 163.06 11.56737930765098 25.82463 24.16483 24.67863 5.17065 0.7626
1308 0.4325554325554326 163.047 11.567144045195658 25.82441 24.16511 24.67875 5.16201 0.7623
1307 0.4334104334104334 163.07 11.567144045195658 25.8244 24.16558 24.67896 4.98037 0.7624
1306 0.4342504342504343 163.077 11.56702636615906 25.82389 24.1658 24.67908 5.11067 0.7627
1305 0.4351054351054351 163.075 11.566908655226804 25.82376 24.16623 24.67934 5.0404 0.7631
1304 0.4359604359604359 163.073 11.566673137606116 25.82336 24.16628 24.67936 5.1633 0.7634
1303 0.4368154368154369 163.115 11.566908655226804 25.82296 24.16651 24.67955 5.27663 0.7634
1302 0.4376704376704377 163.093 11.566437492195071 25.82264 24.16672 24.67965 5.32607 0.7635
1301 0.43852543852543846 163.152 11.566790912381592 25.82256 24.16707 24.67983 5.24324 0.7636
1300 0.43938043938043947 163.129 11.566437492195071 25.82221 24.16698 24.67969 5.3718 0.7639
1299 0.4402354402354405 163.12 11.566201718854913 25.82178 24.16731 24.67994 5.45624 0.7633
1298 0.4410904410904408 163.119 11.565965817446667 25.82154 24.16752 24.68005 5.49905 0.764
1297 0.44196044196044193 163.153 11.566083784167995 25.82146 24.16809 24.68037 5.30948 0.7643
1296 0.44281544281544294 163.116 11.565611724902059 25.82122 24.16819 24.68034 5.38681 0.7645
1295 0.4436854436854438 163.149 11.565729787831128 25.82088 24.16846 24.68048 5.40855 0.7646
1294 0.4445404445404446 163.151 11.565611724902059 25.82054 24.16851 24.68053 5.5316 0.765
1293 0.4454104454104455 163.126 11.565257343420214 25.82025 24.16898 24.68077 5.48881 0.7647
1292 0.4462654462654463 163.137 11.56513915196979 25.81984 24.16933 24.68104 5.56772 0.7652
1291 0.4471354471354472 163.145 11.565020928345294 25.81949 24.16956 24.6812 5.66671 0.765
1290 0.44800544800544806 163.156 11.565020928345294 25.81939 24.16973 24.68112 5.60626 0.7647
1289 0.44886044886044885 163.173 11.564902672529206 25.81898 24.17004 24.68136 5.66427 0.7649
1288 0.44973044973044973 163.155 11.564547711755948 25.8186 24.17006 24.68144 5.84499 0.7653
1287 0.4506004506004506 163.166 11.564547711755948 25.81816 24.17034 24.68159 5.91273 0.7654
1286 0.4514704514704515 163.192 11.564547711755948 25.81805 24.17076 24.68174 5.80646 0.7655
1285 0.4523404523404524 163.192 11.564429326997983 25.81785 24.17107 24.68184 5.75515 0.7653
1284 0.4532254532254534 163.203 11.564310909960602 25.81762 24.17101 24.68181 5.90777 0.7658
1283 0.45409545409545404 163.246 11.564547711755948 25.81721 24.17124 24.68199 6.04208 0.7657
1282 0.45496545496545493 163.19 11.563836918664546 25.81687 24.17151 24.68212 6.07493 0.7658
1281 0.4558354558354558 163.186 11.563718339965678 25.81659 24.17191 24.68229 6.02746 0.7653
1280 0.4567204567204568 163.191 11.563481085394411 25.81639 24.17227 24.68251 5.9986 0.766
1279 0.4575904575904577 163.237 11.563718339965678 25.816 24.17249 24.6826 6.07873 0.7656
1278 0.4584754584754587 163.233 11.563481085394411 25.81593 24.17267 24.68264 6.10385 0.7659
1277 0.45934545934545934 163.241 11.563481085394411 25.81544 24.17285 24.68284 6.26732 0.7661
1276 0.4602304602304603 163.245 11.563243701140397 25.81511 24.17338 24.68306 6.17515 0.7668
1275 0.4611154611154611 163.265 11.563243701140397 25.81501 24.17371 24.68315 6.09666 0.7669
1274 0.4620004620004621 163.252 11.563006187061793 25.81456 24.17358 24.68316 6.40076 0.7672
1273 0.46287046287046296 163.255 11.56288738129388 25.81419 24.17383 24.68334 6.45945 0.7676
1272 0.4637554637554637 163.275 11.56288738129388 25.81385 24.17422 24.68358 6.47737 0.7672
1271 0.4646404646404647 163.274 11.562649672211917 25.81353 24.17451 24.68371 6.49075 0.7673
1270 0.4655254655254655 163.264 11.562411832949728 25.81334 24.17487 24.68391 6.49431 0.7674
1269 0.46642546642546634 163.272 11.562292864456476 25.81295 24.17503 24.68402 6.60701 0.7676
1268 0.4673104673104673 163.324 11.562530768862262 25.813 24.17538 24.68401 6.4509 0.7674
1267 0.4681954681954683 163.29 11.562173863364649 25.81267 24.17557 24.68416 6.53746 0.7681
1266 0.4690804690804691 163.333 11.562292864456476 25.81244 24.17599 24.68427 6.44465 0.7682
1265 0.46998046998046994 163.308 11.561935763313782 25.81209 24.17608 24.68434 6.62685 0.7689
1264 0.4708654708654709 163.335 11.562054829656379 25.81177 24.1764 24.68453 6.63334 0.769
1263 0.4717654717654718 163.354 11.561935763313782 25.81154 24.17688 24.68473 6.53879 0.7694
1262 0.4726504726504728 163.374 11.561935763313782 25.81095 24.1771 24.68492 6.68335 0.77
1261 0.4735504735504734 163.349 11.56157836830096 25.81052 24.17728 24.68512 6.85097 0.7706
1260 0.4744504744504745 163.407 11.561935763313782 25.81044 24.17756 24.68517 6.81539 0.7702
1259 0.47535047535047537 163.378 11.561459171241916 25.81005 24.17779 24.6853 6.88751 0.7703
1258 0.47623547623547635 163.404 11.56157836830096 25.80984 24.17819 24.68543 6.81623 0.7708
1257 0.4771354771354772 163.401 11.5613399414589 25.80956 24.17834 24.68551 6.91647 0.7712
1256 0.4780354780354781 163.405 11.561220678933944 25.80926 24.17879 24.6858 6.85638 0.7716
1255 0.47893547893547894 163.434 11.5613399414589 25.80907 24.17889 24.68586 6.9701 0.7722
1254 0.4798504798504799 163.45 11.561220678933944 25.80868 24.1793 24.68599 6.88866 0.7723
1253 0.48075048075048077 163.446 11.561101383649056 25.80828 24.17939 24.68607 7.08731 0.7725
1252 0.48165048165048163 163.457 11.560982055586235 25.80821 24.1797 24.68609 7.0201 0.7735
1251 0.4825654825654826 163.443 11.560743301054712 25.8078 24.18007 24.68635 7.06805 0.7737
1250 0.48346548346548346 163.478 11.560862694727465 25.80762 24.1803 24.68643 7.04827 0.7735
1249 0.48436548436548454 163.525 11.560982055586235 25.80699 24.1808 24.68684 7.07428 0.7741
1248 0.4852804852804853 163.523 11.560862694727465 25.80694 24.1811 24.68685 6.99365 0.7743
1247 0.48619548619548625 163.52 11.560623874549929 25.8067 24.1814 24.68696 6.99909 0.7745
1246 0.4870954870954871 163.532 11.560623874549929 25.80622 24.1817 24.68713 7.05069 0.7742
1245 0.4880104880104881 163.564 11.560623874549929 25.8059 24.18204 24.68732 7.03619 0.7747
1244 0.48892548892548904 163.547 11.560384922972016 25.80584 24.18215 24.6872 7.05822 0.7752
1243 0.48984048984049 163.551 11.560265397862715 25.80546 24.18246 24.68744 7.12602 0.7756
1242 0.49075549075549074 163.603 11.560504415195057 25.80524 24.18316 24.68774 6.90448 0.7751
1241 0.4916704916704917 163.609 11.560384922972016 25.80512 24.18331 24.6877 6.91571 0.7755
1240 0.49258549258549267 163.557 11.559786968200557 25.80461 24.18356 24.68795 7.04265 0.7754
1239 0.4935004935004934 163.596 11.559906625036113 25.80435 24.18394 24.68811 7.00707 0.7748
1238 0.49443049443049447 163.6 11.559786968200557 25.80382 24.18433 24.68836 7.05058 0.7749
1237 0.49534549534549543 163.578 11.55942779975949 25.80367 24.1846 24.68851 7.03845 0.7741
1236 0.4962604962604962 163.581 11.559308010907012 25.80342 24.18509 24.68868 6.95718 0.7738
1235 0.49719049719049724 163.595 11.559308010907012 25.80298 24.18552 24.68896 6.96371 0.7726
1234 0.4981054981054982 163.587 11.559068334034537 25.80271 24.18596 24.68919 6.97686 0.7722
1233 0.49903549903549904 163.639 11.559308010907012 25.80276 24.18629 24.6891 6.79812 0.7727
1232 0.4999654999655001 163.662 11.559308010907012 25.80224 24.18642 24.68939 7.02728 0.7711
1231 0.500895500895501 163.654 11.559068334034537 25.80173 24.18646 24.68955 7.25158 0.7717
1230 0.5018105018105019 163.7 11.559308010907012 25.8016 24.18702 24.68967 7.02846 0.7707
1229 0.5027405027405027 163.71 11.559188189004775 25.80121 24.18735 24.69 7.1378 0.7699
1228 0.5036705036705036 163.703 11.55894844597804 25.8009 24.18763 24.6902 7.19148 0.7698
1227 0.5046005046005047 163.719 11.55894844597804 25.80082 24.18821 24.69032 6.95547 0.7688
1226 0.5055455055455056 163.743 11.55894844597804 25.80045 24.18843 24.69046 7.03096 0.7687
1225 0.5064755064755064 163.779 11.559068334034537 25.80032 24.18878 24.69055 6.92457 0.768
1224 0.5074055074055073 163.815 11.559188189004775 25.8001 24.18903 24.69065 6.93675 0.7671
1223 0.5083355083355083 163.805 11.55894844597804 25.79975 24.1892 24.69076 7.02187 0.7663
1222 0.5092805092805093 163.811 11.558828524817011 25.79915 24.18937 24.69105 7.24276 0.7656
1221 0.5102105102105101 163.828 11.558828524817011 25.79909 24.18978 24.69107 7.04819 0.7655
1220 0.5111555111555113 163.832 11.558708570533165 25.79877 24.19009 24.69118 7.03421 0.765
1219 0.512100512100512 163.888 11.55894844597804 25.79831 24.1903 24.69134 7.15131 0.7645
1218 0.5130305130305131 163.902 11.55894844597804 25.79823 24.19103 24.69158 6.85085 0.7641
1217 0.513975513975514 163.893 11.558708570533165 25.79795 24.19103 24.69159 6.98985 0.7633
1216 0.5149205149205149 163.898 11.558588583108198 25.7977 24.19124 24.69166 6.97785 0.7632
1215 0.5158655158655159 163.906 11.558468562523794 25.79712 24.19175 24.69196 6.87078 0.7628
1214 0.5168105168105168 163.902 11.558228421803326 25.79691 24.19205 24.69201 6.73922 0.7618
1213 0.517755517755518 163.945 11.558468562523794 25.79689 24.19247 24.69203 6.56566 0.7619
1212 0.5187005187005187 163.945 11.55834850876162 25.79644 24.1926 24.69209 6.67331 0.7614
1211 0.5196605196605197 163.957 11.558228421803326 25.79629 24.1932 24.69227 6.43446 0.7609
1210 0.5206055206055207 163.945 11.557988148224913 25.79611 24.19337 24.69226 6.46262 0.7605
1209 0.5215505215505216 163.983 11.558108301630549 25.79551 24.19382 24.69263 6.48386 0.7598
1208 0.5225105225105224 163.949 11.557627488426826 25.79533 24.194 24.69261 6.49008 0.7596
1207 0.5234705234705235 163.999 11.557867961568022 25.79505 24.19429 24.69269 6.49233 0.7592
1206 0.5244155244155244 163.997 11.557747741641467 25.79491 24.19449 24.69269 6.48146 0.7594
1205 0.5253755253755255 164.045 11.557988148224913 25.79435 24.19516 24.69303 6.30868 0.759
1204 0.5263355263355263 164.07 11.557988148224913 25.79427 24.1955 24.69303 6.18442 0.758
1203 0.5272955272955271 164.035 11.557627488426826 25.79382 24.19571 24.69321 6.33119 0.7584
1202 0.5282555282555281 164.102 11.557988148224913 25.79374 24.19617 24.69328 6.14706 0.7578
1201 0.5292155292155294 164.126 11.557988148224913 25.79351 24.19636 24.69331 6.16999 0.7575
1200 0.5301755301755302 164.124 11.557747741641467 25.79336 24.19653 24.69337 6.23662 0.758
1199 0.531135531135531 164.117 11.557627488426826 25.7929 24.19702 24.69365 6.21576 0.7572
1198 0.5320955320955321 164.146 11.557627488426826 25.7926 24.19751 24.69374 6.02028 0.7573
1197 0.5330555330555331 164.17 11.557627488426826 25.79223 24.1974 24.69383 6.31977 0.7572
1196 0.534030534030534 164.211 11.557867961568022 25.79181 24.19784 24.69402 6.25646 0.757
1195 0.5349905349905353 164.238 11.557867961568022 25.79204 24.19831 24.69396 6.01794 0.7568
1194 0.535965535965536 164.242 11.557747741641467 25.79153 24.19866 24.69415 6.00642 0.7565
1193 0.5369405369405369 164.273 11.557867961568022 25.79143 24.19884 24.69418 6.09673 0.7563
1192 0.5379005379005379 164.241 11.557386882059507 25.79089 24.19939 24.69443 5.93323 0.7564
1191 0.5388755388755389 164.248 11.557266528869905 25.79083 24.19961 24.69443 5.92613 0.7564
1190 0.5398505398505398 164.32 11.557747741641467 25.7905 24.19989 24.69454 5.95428 0.7556
1189 0.5408255408255407 164.292 11.557386882059507 25.79029 24.20026 24.69464 5.9272 0.7561
1188 0.5418005418005418 164.288 11.557146142318363 25.78975 24.20066 24.69492 5.89598 0.7563
1187 0.542775542775543 164.336 11.557386882059507 25.7895 24.20113 24.69506 5.7405 0.7558
1186 0.5437505437505439 164.294 11.556905269055449 25.78931 24.20143 24.69514 5.73691 0.7562
1185 0.5447405447405447 164.356 11.557266528869905 25.7893 24.20145 24.69503 5.84975 0.7561
1184 0.5457155457155456 164.333 11.556905269055449 25.78873 24.20167 24.69534 5.98904 0.7556
1183 0.5466905466905467 164.365 11.557025722386383 25.78868 24.20224 24.69536 5.76237 0.7557
1182 0.547680547680548 164.347 11.556664262122569 25.78843 24.20247 24.69544 5.80439 0.7558
1181 0.5486705486705485 164.398 11.556905269055449 25.78826 24.20295 24.69547 5.65072 0.7558
1180 0.5496455496455497 164.391 11.556664262122569 25.78767 24.20308 24.69576 5.82738 0.7563
1179 0.5506355506355507 164.408 11.556664262122569 25.78737 24.20328 24.69592 5.93935 0.7565
1178 0.5516255516255515 164.386 11.556302500767288 25.7873 24.2039 24.69602 5.68622 0.7563
1177 0.5526155526155527 164.402 11.556302500767288 25.78718 24.20421 24.69606 5.65755 0.7561
1176 0.5536055536055535 164.395 11.556061159009532 25.78655 24.20426 24.69626 5.85432 0.7565
1175 0.554595554595555 164.434 11.556302500767288 25.78662 24.20486 24.69629 5.58314 0.7568
1174 0.5555855555855556 164.473 11.556423121371285 25.78611 24.20522 24.69656 5.61314 0.7566
1173 0.5565755565755566 164.412 11.555819683061191 25.78601 24.20539 24.69653 5.72355 0.7569
1172 0.5575805575805575 164.501 11.556302500767288 25.78546 24.20577 24.69678 5.66786 0.7569
1171 0.5585705585705589 164.512 11.556181846652912 25.78524 24.20604 24.69683 5.64822 0.7573
1170 0.5595755595755596 164.508 11.556061159009532 25.78489 24.20638 24.69704 5.65867 0.7573
1169 0.5605655605655606 164.507 11.555940437818512 25.78506 24.20669 24.69693 5.62992 0.7574
1168 0.5615705615705617 164.484 11.555578072772954 25.78462 24.20682 24.69712 5.78532 0.7576
1167 0.5625755625755626 164.524 11.555698894718901 25.78435 24.20747 24.69719 5.49119 0.7577
1166 0.5635805635805635 164.537 11.555698894718901 25.78395 24.20737 24.69745 5.85027 0.7579
1165 0.5645705645705648 164.504 11.555215405126074 25.78371 24.20778 24.69747 5.73763 0.7583
1164 0.5655755655755657 164.541 11.555336327995267 25.78356 24.20841 24.69761 5.48994 0.7583
1163 0.5665955665955666 164.53 11.55509444857832 25.78316 24.20832 24.69777 5.81737 0.7584
1162 0.5676005676005675 164.526 11.55497345833324 25.7828 24.20889 24.69796 5.64485 0.7586
1161 0.5686055686055684 164.508 11.554610285226165 25.78264 24.20914 24.69803 5.69072 0.7586
1160 0.5696105696105698 164.517 11.554610285226165 25.78216 24.2095 24.69821 5.6345 0.7586
1159 0.5706305706305708 164.492 11.554246808166111 25.78212 24.20979 24.69827 5.64635 0.759
1158 0.5716355716355717 164.486 11.554004321011902 25.78185 24.20996 24.6984 5.74974 0.7596
1157 0.5726555726555727 164.523 11.554125581513013 25.78142 24.21022 24.69859 5.83008 0.7597
1156 0.5736755736755734 164.555 11.554246808166111 25.7815 24.21076 24.69851 5.59543 0.7597
1155 0.5746805746805745 164.477 11.553518940148969 25.78097 24.21102 24.69886 5.71163 0.76
1154 0.5757005757005758 164.538 11.553761698390005 25.78081 24.2115 24.6989 5.5812 0.7598
1153 0.5767205767205767 164.494 11.5532760461371 25.78031 24.21169 24.69914 5.62272 0.7601
1152 0.5777405777405777 164.49 11.553154548169626 25.78016 24.21197 24.6992 5.66809 0.7608
1151 0.578760578760579 164.503 11.55303301620244 25.77993 24.21245 24.69933 5.54716 0.7609
1150 0.57978057978058 164.49 11.552789850192783 25.77964 24.21274 24.69947 5.54834 0.7612
1149 0.5808155808155808 164.441 11.552181338839336 25.77907 24.21299 24.69977 5.6095 0.7618
1148 0.5818355818355818 164.502 11.55254654795566 25.77897 24.21314 24.69981 5.72664 0.7621
1147 0.5828705828705829 164.478 11.552181338839336 25.77857 24.21362 24.70004 5.6125 0.7626
1146 0.5838905838905839 164.528 11.552424845704085 25.77847 24.21413 24.70007 5.44274 0.7625
1145 0.584925584925585 164.474 11.551937695364837 25.77793 24.21428 24.70034 5.5903 0.7632
1144 0.5859455859455858 164.478 11.551693915127224 25.77774 24.21452 24.70042 5.64216 0.7635
1143 0.5869805869805866 164.512 11.551815822351015 25.77776 24.21482 24.70044 5.68707 0.7636
1142 0.5880155880155882 164.473 11.551449997972876 25.77725 24.21532 24.70071 5.51178 0.7638
1141 0.589050589050589 164.477 11.551327988003846 25.77719 24.21541 24.70072 5.67728 0.7643
1140 0.5900855900855901 164.497 11.551327988003846 25.77683 24.21562 24.70093 5.75842 0.7648
1139 0.5911205911205912 164.469 11.550961752298177 25.77672 24.21608 24.70102 5.69947 0.7646
1138 0.5921705921705922 164.438 11.550472957106564 25.77633 24.21645 24.70121 5.64492 0.7652
1137 0.5932055932055933 164.406 11.550105999347593 25.77613 24.21674 24.70127 5.72016 0.7653
1136 0.5942405942405942 164.408 11.54998361115969 25.7759 24.21691 24.70137 5.75035 0.7661
1135 0.5952905952905954 164.412 11.549861188471942 25.77571 24.21738 24.70151 5.65685 0.7662
1134 0.5963405963405961 164.363 11.549248556854057 25.7752 24.2176 24.70177 5.68937 0.7668
1133 0.5973755973755974 164.322 11.548757828573704 25.77477 24.21791 24.702 5.65514 0.767
1132 0.5984255984255986 164.348 11.548880562637516 25.77482 24.21847 24.70196 5.48516 0.7674
1131 0.5994755994755994 164.269 11.548143637434846 25.77443 24.21853 24.70209 5.54909 0.7676
1130 0.6005256005256006 164.246 11.547774705387823 25.77395 24.21913 24.70236 5.27983 0.7677
1129 0.6015756015756017 164.22 11.54740545966749 25.77362 24.21936 24.70243 5.19645 0.7673
1128 0.6026256026256023 164.154 11.546666025070184 25.77361 24.21972 24.70247 5.16339 0.7673
1127 0.6036756036756037 164.135 11.546419266835192 25.77323 24.21997 24.70259 5.07835 0.7671
1126 0.6047406047406048 164.072 11.545801757159277 25.7728 24.22025 24.70275 5.05744 0.767
1125 0.605790605790606 164.077 11.545678149792025 25.77257 24.2205 24.70285 5.02815 0.7669
1124 0.6068556068556072 164.057 11.545307116465825 25.77241 24.22057 24.70288 5.2219 0.7676
1123 0.6079056079056078 164.025 11.544935765881503 25.77203 24.22103 24.703 5.06657 0.7677
1122 0.6089706089706088 164.047 11.544935765881503 25.77197 24.22152 24.70303 4.95323 0.7679
1121 0.6100356100356099 164.028 11.544688022302678 25.77166 24.22183 24.70318 4.94197 0.7679
1120 0.611100611100611 164.011 11.544316141747426 25.77126 24.22208 24.70334 4.94709 0.7676
1119 0.612150612150612 164.0 11.544068044350276 25.77089 24.22248 24.70351 4.89126 0.7671
1118 0.6132306132306131 163.994 11.543943942482906 25.77063 24.22266 24.7036 4.92171 0.7675
1117 0.6142956142956142 163.96 11.5434471800817 25.77023 24.22323 24.7038 4.76145 0.7675
1116 0.6153606153606153 163.925 11.543074235033533 25.76997 24.22318 24.70382 4.96432 0.7679
1115 0.6164256164256163 163.912 11.54282542695918 25.77003 24.2238 24.70382 4.88277 0.7679
1114 0.6175056175056175 163.884 11.542451947375977 25.76926 24.22414 24.70415 4.75189 0.7684
1113 0.6185706185706183 163.844 11.541953474458236 25.76947 24.22432 24.70409 4.96261 0.7684
1112 0.61965061965062 163.835 11.541704023284288 25.76908 24.22474 24.70417 4.81484 0.768
1111 0.6207306207306207 163.822 11.541454428747588 25.76865 24.22491 24.70436 4.88933 0.7686
1110 0.621795621795622 163.808 11.541204690683259 25.76856 24.22562 24.70444 4.67642 0.7685
1109 0.6228756228756229 163.762 11.540704783310762 25.76827 24.22558 24.70451 4.92097 0.7693
1108 0.6239556239556241 163.749 11.540454613671413 25.76794 24.22612 24.70463 4.76656 0.769
1107 0.625035625035625 163.718 11.540079088804173 25.76734 24.22661 24.70486 4.52744 0.7691
1106 0.6261306261306259 163.735 11.540079088804173 25.76747 24.22683 24.70477 4.67601 0.7701
1105 0.6272106272106277 163.693 11.53957788334531 25.76678 24.22721 24.70509 4.50711 0.7697
1104 0.6282906282906282 163.681 11.539327063539375 25.76639 24.22763 24.70521 4.41283 0.7698
1103 0.6293856293856295 163.676 11.539076098792776 25.76642 24.22784 24.7052 4.57016 0.7698
1102 0.6304656304656306 163.651 11.538824988937904 25.76616 24.22839 24.70527 4.40812 0.7707
1101 0.6315606315606317 163.641 11.538573733806855 25.7656 24.22882 24.70554 4.29388 0.7713
1100 0.6326556326556325 163.64 11.53832233323144 25.7654 24.22919 24.70557 4.2504 0.7715
1099 0.6337506337506338 163.585 11.537819095073274 25.76495 24.2292 24.70581 4.4089 0.7721
1098 0.6348456348456348 163.629 11.537944959291487 25.76487 24.22964 24.7058 4.38126 0.7716
1097 0.6359406359406359 163.632 11.537819095073274 25.76454 24.23014 24.70591 4.27103 0.7723
1096 0.6370356370356371 163.599 11.537441283407947 25.76418 24.2303 24.70605 4.34278 0.7727
1095 0.638130638130638 163.581 11.537189226243644 25.76396 24.23059 24.70611 4.33502 0.7731
1094 0.6392256392256392 163.556 11.53681086599154 25.76353 24.23101 24.70623 4.22908 0.7734
1093 0.6403356403356406 163.592 11.536937022704674 25.76341 24.23136 24.70629 4.28862 0.7739
1092 0.6414306414306417 163.59 11.53681086599154 25.76319 24.23193 24.7064 4.24846 0.7748
1091 0.6425406425406426 163.577 11.53655844257153 25.76278 24.23203 24.70652 4.27227 0.7753
1090 0.6436506436506437 163.581 11.536432175822014 25.76227 24.23281 24.7067 4.0188 0.7758
1089 0.6447606447606447 163.566 11.536179532137226 25.76208 24.23302 24.70677 4.12746 0.7762
1088 0.6458706458706458 163.538 11.535800290824898 25.76181 24.2334 24.70683 4.0829 0.7764
1087 0.646980646980647 163.539 11.53567380342575 25.76123 24.23351 24.7071 4.16328 0.7766
1086 0.6480906480906481 163.477 11.535040813251161 25.76114 24.23379 24.70708 4.34247 0.7779
1085 0.6492006492006492 163.48 11.534787358629492 25.76079 24.23449 24.70717 4.18292 0.7785
1084 0.6503106503106506 163.426 11.534280005205082 25.76008 24.23486 24.70747 4.10371 0.7795
1083 0.6514356514356514 163.366 11.533644978798764 25.75982 24.23491 24.70752 4.29845 0.7802
1082 0.6525456525456528 163.366 11.533517862016968 25.75955 24.2352 24.70764 4.39427 0.7807
1081 0.6536706536706536 163.351 11.533263516778716 25.75957 24.23573 24.70757 4.45903 0.7814
1080 0.6547956547956546 163.343 11.533009022495486 25.75911 24.23622 24.70773 4.38063 0.7814
1079 0.6559206559206561 163.37 11.533136288278639 25.75873 24.23631 24.70791 4.53532 0.7819
1078 0.6570456570456571 163.376 11.533009022495486 25.75852 24.23681 24.70793 4.49453 0.7825
1077 0.6581706581706581 163.369 11.532754378992498 25.75827 24.23729 24.70803 4.46088 0.7832
1076 0.6592956592956591 163.405 11.532881719407397 25.7577 24.23748 24.70822 4.53074 0.7827
1075 0.6604206604206608 163.431 11.533009022495486 25.75708 24.23845 24.70842 4.33086 0.7836
1074 0.6615606615606615 163.514 11.533517862016968 25.75698 24.23852 24.70844 4.57721 0.7826
1073 0.6626856626856628 163.509 11.533263516778716 25.75681 24.2387 24.70851 4.73866 0.7833
1072 0.6638256638256637 163.569 11.533644978798764 25.75614 24.23905 24.70882 4.80408 0.7834
1071 0.6649506649506649 163.515 11.533009022495486 25.75592 24.23948 24.7089 4.81832 0.7839
1070 0.6660906660906663 163.561 11.533263516778716 25.75559 24.23994 24.70899 4.79186 0.7843
1069 0.6672306672306672 163.568 11.533136288278639 25.75518 24.2402 24.70909 4.80188 0.7838
1068 0.6683706683706685 163.578 11.533136288278639 25.75479 24.24034 24.7093 4.94727 0.7839
1067 0.6695106695106692 163.594 11.533136288278639 25.75449 24.24068 24.70938 4.94855 0.7841
1066 0.6706506706506707 163.584 11.532881719407397 25.75462 24.2411 24.70931 5.10004 0.7849
1065 0.671805671805672 163.549 11.532499586094662 25.7539 24.24119 24.7096 5.07811 0.7847
1064 0.6729456729456729 163.549 11.532244643626582 25.75369 24.2416 24.70967 5.09532 0.7852
1063 0.6740856740856742 163.571 11.532372133567877 25.75353 24.24223 24.70969 5.08625 0.7853
1062 0.6752406752406752 163.604 11.532499586094662 25.75319 24.24275 24.70979 5.01993 0.7858
1061 0.6763956763956764 163.599 11.532244643626582 25.75257 24.24302 24.71006 4.96896 0.786
1060 0.6775506775506774 163.575 11.53198955141255 25.75221 24.24336 24.71019 5.05099 0.7856
1059 0.6787056787056789 163.618 11.532117116248804 25.75205 24.24343 24.71028 5.15265 0.7854
1058 0.6798606798606801 163.549 11.531478917042255 25.75183 24.24376 24.71037 5.21604 0.7849
1057 0.6810156810156813 163.566 11.531478917042255 25.75151 24.24427 24.71043 5.13868 0.785
1056 0.6821706821706823 163.576 11.531351164583059 25.75128 24.24453 24.71059 5.30052 0.7855
1055 0.6833256833256833 163.562 11.531095546870027 25.75091 24.2448 24.71066 5.33507 0.7858
1054 0.6844956844956849 163.548 11.53083977861652 25.75046 24.2451 24.71088 5.29505 0.7857
1053 0.6856506856506857 163.543 11.530583859645118 25.75002 24.24591 24.71096 5.14101 0.7856
1052 0.686820686820687 163.526 11.530327789778086 25.74969 24.24585 24.71121 5.33594 0.7854
1051 0.6879906879906881 163.539 11.530327789778086 25.74927 24.24654 24.71128 5.18362 0.7851
1050 0.6891606891606892 163.554 11.530327789778086 25.7492 24.24649 24.71132 5.37336 0.7854
1049 0.6903306903306903 163.569 11.530327789778086 25.74876 24.24698 24.71154 5.36916 0.785
1048 0.6915006915006914 163.557 11.530071568837378 25.74851 24.24729 24.71162 5.39178 0.7852
1047 0.6926706926706927 163.532 11.529686953772917 25.74776 24.24778 24.71193 5.2486 0.7857
1046 0.6938556938556937 163.545 11.529686953772917 25.74792 24.24769 24.71192 5.56646 0.7858
1045 0.695025695025695 163.525 11.52930199778798 25.7474 24.24811 24.7121 5.48526 0.7858
1044 0.6962106962106962 163.588 11.529686953772917 25.74693 24.24897 24.71218 5.30266 0.7858
1043 0.6973806973806973 163.563 11.52930199778798 25.74642 24.24918 24.71236 5.28054 0.7858
1042 0.6985656985656985 163.57 11.52930199778798 25.74666 24.24926 24.7123 5.59532 0.7859
1041 0.6997506997506999 163.556 11.52904517076577 25.74562 24.24993 24.7127 5.30083 0.7855
1040 0.7009357009357009 163.567 11.528916700277655 25.74541 24.24997 24.7128 5.42541 0.7853
1039 0.7021207021207021 163.542 11.52865964523499 25.74529 24.25073 24.71279 5.46519 0.7858
1038 0.7033057033057031 163.532 11.528402437953618 25.74497 24.25076 24.71292 5.53809 0.7852
1037 0.7045057045057046 163.531 11.528273777167044 25.74409 24.25146 24.71325 5.25132 0.7862
1036 0.7056907056907056 163.564 11.528402437953618 25.7441 24.25176 24.71318 5.33852 0.7855
1035 0.7068907068907069 163.549 11.528145078253106 25.74363 24.25206 24.7134 5.36675 0.7854
1034 0.7080757080757081 163.518 11.527758752520972 25.74325 24.25214 24.71362 5.46675 0.7856
1033 0.7092757092757089 163.529 11.52762990087134 25.74284 24.25276 24.7137 5.4035 0.7858
1032 0.7104757104757105 163.561 11.527758752520972 25.74275 24.25318 24.71367 5.42696 0.7865
1031 0.7116757116757118 163.495 11.527114111639804 25.74239 24.2533 24.71387 5.53134 0.786
1030 0.712875712875713 163.518 11.527114111639804 25.74183 24.25374 24.71401 5.38072 0.786
1029 0.7140907140907142 163.537 11.527114111639804 25.74152 24.25403 24.7142 5.47901 0.7861
1028 0.7152907152907153 163.494 11.526597709103452 25.74128 24.25417 24.71432 5.53019 0.7864
1027 0.7164907164907164 163.528 11.526726867314636 25.74083 24.25506 24.71435 5.33772 0.7867
1026 0.7177057177057176 163.49 11.526339277389845 25.74058 24.25542 24.71449 5.34753 0.7869
1025 0.718920718920719 163.499 11.526210003841664 25.74046 24.25539 24.71459 5.54121 0.7864
1024 0.7201357201357204 163.473 11.525951341248012 25.74004 24.25564 24.71477 5.55458 0.7871
1023 0.7213507213507213 163.473 11.525821952156663 25.73951 24.2561 24.715 5.49602 0.787
1022 0.7225657225657227 163.439 11.525304009958239 25.73937 24.25583 24.71518 5.78262 0.7879
1021 0.7237807237807239 163.436 11.525174427835271 25.73881 24.25692 24.7153 5.47807 0.7872
1020 0.7249957249957251 163.405 11.524785449321222 25.73851 24.25701 24.71549 5.55047 0.7873
1019 0.7262257262257261 163.407 11.524655712357777 25.73805 24.25747 24.71563 5.49686 0.787
1018 0.7274407274407277 163.402 11.524525936626375 25.73762 24.25757 24.71583 5.53245 0.7875
1017 0.7286707286707288 163.362 11.524006445557372 25.73735 24.25786 24.71601 5.63675 0.7872
1016 0.7299007299007298 163.354 11.523876475638131 25.73689 24.25827 24.71615 5.55608 0.7875
1015 0.731115731115731 163.27 11.522965595491986 25.73644 24.25883 24.71631 5.47367 0.7882
1014 0.7323457323457325 163.22 11.52244423350632 25.73641 24.25911 24.7163 5.50141 0.7882
1013 0.7335907335907337 163.168 11.5219222448835 25.73615 24.25963 24.71636 5.39972 0.7891
1012 0.734820734820735 163.144 11.52153034127871 25.73556 24.2598 24.71674 5.54933 0.7895
1011 0.7360507360507362 163.12 11.521268875598386 25.73484 24.26031 24.71693 5.43856 0.7904
1010 0.7372957372957374 163.089 11.520876381688343 25.73518 24.26048 24.71678 5.48501 0.7898
1009 0.7385257385257384 163.083 11.520745471519483 25.7347 24.26103 24.71702 5.45207 0.7902
1008 0.7397707397707398 163.08 11.520483532740792 25.73422 24.2611 24.71727 5.55149 0.7907
1007 0.741015741015741 163.044 11.520090328112843 25.7338 24.26166 24.71739 5.44255 0.7909
1006 0.7422607422607423 163.012 11.519696767159854 25.73339 24.2618 24.71762 5.55318 0.7912
1005 0.7435057435057435 162.958 11.519171463821658 25.73363 24.26216 24.71742 5.49265 0.7912
1004 0.7447507447507449 162.965 11.519040038648345 25.733 24.2628 24.71765 5.34098 0.7915
1003 0.7460107460107461 162.985 11.519040038648345 25.7325 24.26278 24.718 5.46593 0.792
1002 0.7472557472557473 162.967 11.518777068926775 25.73219 24.26326 24.71805 5.40226 0.792
1001 0.7485157485157488 162.905 11.518118947143153 25.73217 24.26382 24.71795 5.20769 0.7926
1000 0.7497607497607497 162.857 11.517591730711908 25.73193 24.2639 24.71815 5.30923 0.7931
999 0.7510207510207507 162.83 11.517195897949975 25.73122 24.2641 24.71865 5.48495 0.7943
998 0.7522807522807522 162.774 11.516667559099043 25.73083 24.26455 24.71862 5.3006 0.7935
997 0.7535407535407532 162.754 11.516403148447402 25.73056 24.265 24.71865 5.13286 0.7939
996 0.7548157548157546 162.736 11.516006230386047 25.73027 24.26567 24.71871 4.89368 0.7941
995 0.7560757560757563 162.694 11.51560894923448 25.72984 24.26569 24.7189 4.98472 0.7945
994 0.7573357573357578 162.663 11.515211304327801 25.72955 24.26579 24.71914 5.11531 0.7949
993 0.7586107586107587 162.584 11.51441492058037 25.7296 24.26615 24.71906 5.03991 0.7948
992 0.7598857598857598 162.594 11.51441492058037 25.72893 24.26646 24.71926 5.00725 0.7952
991 0.761145761145761 162.568 11.514016180400649 25.72884 24.26699 24.71918 4.80537 0.7955
990 0.7624207624207626 162.523 11.513483956704256 25.7283 24.26715 24.7194 4.85939 0.7954
989 0.7637107637107636 162.519 11.513350798805957 25.72828 24.26764 24.71932 4.67259 0.7953
988 0.7649857649857652 162.463 11.512817758564873 25.72786 24.26793 24.7195 4.71312 0.7954
987 0.7662607662607663 162.495 11.512817758564873 25.72749 24.26852 24.71961 4.51625 0.7956
986 0.7675507675507676 162.472 11.512550992904211 25.72693 24.2687 24.71986 4.67342 0.7961
985 0.7688257688257689 162.414 11.512016969496127 25.7268 24.26906 24.71978 4.48288 0.7957
984 0.7701157701157701 162.4 11.511749711344983 25.72613 24.26925 24.7201 4.65736 0.7965
983 0.7714057714057712 162.406 11.511616020569138 25.72606 24.2698 24.71997 4.37449 0.796
982 0.7726957726957728 162.324 11.510813010512496 25.72548 24.27004 24.72022 4.46788 0.7967
981 0.7739857739857741 162.333 11.510813010512496 25.72544 24.27031 24.7203 4.54685 0.7969
980 0.7752757752757753 162.313 11.510410948010177 25.72516 24.27066 24.72027 4.36649 0.7969
979 0.7765807765807766 162.371 11.510813010512496 25.72472 24.27141 24.72036 4.08196 0.7969
978 0.7778707778707779 162.313 11.510142699402573 25.7244 24.27175 24.72048 4.04785 0.7972
977 0.7791757791757792 162.304 11.510008512940235 25.72382 24.27203 24.72065 4.06299 0.7964
976 0.7804657804657806 162.283 11.509740015570383 25.72354 24.27265 24.72066 3.8201 0.7968
975 0.7817707817707817 162.256 11.509336958017643 25.72324 24.27253 24.72086 4.11353 0.7967
974 0.7830757830757831 162.271 11.509336958017643 25.72304 24.27339 24.72078 3.63205 0.7964
973 0.7843957843957843 162.233 11.508798965403905 25.72272 24.27357 24.72088 3.66754 0.7965
972 0.7857007857007856 162.228 11.508664363052942 25.72213 24.27431 24.72102 3.44427 0.7961
971 0.7870057870057867 162.224 11.508529718971287 25.72192 24.27471 24.72109 3.33652 0.7955
970 0.7883257883257884 162.186 11.508125536083199 25.72132 24.27465 24.72145 3.67028 0.7958
969 0.7896457896457898 162.195 11.507990724819692 25.72088 24.2753 24.72153 3.45892 0.7951
968 0.7909507909507911 162.21 11.507990724819692 25.72043 24.27604 24.72171 3.26379 0.7946
967 0.7922707922707921 162.229 11.507990724819692 25.72029 24.27652 24.7217 3.07789 0.795
966 0.7936057936057936 162.241 11.507990724819692 25.72014 24.27658 24.72182 3.19247 0.7945
965 0.7949257949257951 162.231 11.507720976685613 25.7196 24.27702 24.72206 3.16845 0.7943
964 0.7962457962457965 162.248 11.507720976685613 25.71908 24.27763 24.72232 3.13224 0.7943
963 0.7975807975807978 162.218 11.507316040076415 25.71868 24.27772 24.72263 3.38734 0.7948
962 0.7989007989007988 162.267 11.50758603976301 25.71859 24.27848 24.72254 2.99681 0.7944
961 0.8002358002358003 162.231 11.50718097726024 25.71737 24.27885 24.72317 3.44297 0.7946
960 0.8015708015708016 162.225 11.507045872427327 25.71725 24.27927 24.72321 3.27314 0.7938
959 0.8029058029058032 162.214 11.506775536606643 25.7172 24.27971 24.7233 3.15371 0.7937
958 0.804240804240804 162.22 11.506640305566503 25.71664 24.28014 24.72361 3.26718 0.7926
957 0.8055908055908056 162.21 11.506505032404872 25.71614 24.28047 24.72392 3.432 0.7919
956 0.8069258069258067 162.17 11.505963518018126 25.71583 24.28067 24.72417 3.53806 0.7916
955 0.8082758082758081 162.197 11.50609895992844 25.71517 24.28119 24.72447 3.60115 0.7911
954 0.8096258096258095 162.164 11.5056925074122 25.71462 24.28167 24.72479 3.74944 0.7908
953 0.8109608109608111 162.198 11.505828033854836 25.7144 24.28214 24.72478 3.5121 0.7899
952 0.8123258123258124 162.189 11.5056925074122 25.71381 24.28281 24.72501 3.57539 0.7898
951 0.8136758136758138 162.179 11.505421327583282 25.71331 24.28295 24.72531 3.76589 0.7895
950 0.8150258150258152 162.173 11.505285674144133 25.71302 24.28335 24.72547 3.7229 0.7889
949 0.8163758163758166 162.2 11.505285674144133 25.71247 24.2839 24.72573 3.82366 0.7881
948 0.8177408177408179 162.219 11.505285674144133 25.71208 24.28464 24.72575 3.68235 0.788
947 0.8191058191058194 162.195 11.505014240084106 25.71157 24.28459 24.72614 3.95924 0.7881
946 0.8204708204708204 162.232 11.505149978319906 25.71155 24.28499 24.72611 3.70384 0.7874
945 0.8218358218358217 162.213 11.504878459410216 25.71074 24.28576 24.72642 3.89823 0.787
944 0.823200823200823 162.199 11.504606770641955 25.71069 24.28589 24.72652 3.75182 0.7864
943 0.8245658245658247 162.195 11.504470862494419 25.71005 24.28612 24.72692 4.10345 0.7862
942 0.8259458259458261 162.215 11.504470862494419 25.70927 24.28668 24.72718 4.27665 0.7859
941 0.8273108273108274 162.218 11.504334911802465 25.70896 24.28743 24.72721 4.13372 0.7847
940 0.8286908286908286 162.182 11.50392680419351 25.70865 24.2874 24.72748 4.25761 0.785
939 0.8300708300708302 162.234 11.504198918539444 25.70822 24.28794 24.72761 4.26898 0.784
938 0.8314508314508313 162.243 11.504198918539444 25.70772 24.28833 24.72788 4.43554 0.7843
937 0.8328308328308329 162.273 11.504334911802465 25.70731 24.28897 24.72805 4.43064 0.7833
936 0.8342108342108341 162.258 11.504062882678692 25.70711 24.28902 24.72813 4.32325 0.7835
935 0.8356058356058358 162.282 11.504062882678692 25.70666 24.28946 24.7284 4.47233 0.7823
934 0.8370008370008368 162.319 11.504334911802465 25.70599 24.28995 24.72863 4.65078 0.7815
933 0.8383808383808382 162.317 11.504062882678692 25.706 24.29057 24.72861 4.36368 0.7816
932 0.8397758397758399 162.368 11.504334911802465 25.70546 24.29108 24.72878 4.45881 0.7816
931 0.8411708411708412 162.333 11.50392680419351 25.70505 24.29153 24.72894 4.55291 0.7816
930 0.842580842580843 162.392 11.504334911802465 25.7046 24.29171 24.72912 4.60275 0.7805
929 0.8439758439758438 162.382 11.504062882678692 25.70398 24.29217 24.72946 4.85868 0.7806
928 0.8453708453708455 162.402 11.504198918539444 25.7035 24.29268 24.72964 4.92981 0.7805
927 0.8467808467808469 162.446 11.504334911802465 25.70322 24.2932 24.72981 4.94549 0.7803
926 0.8481908481908482 162.447 11.504198918539444 25.70259 24.29342 24.73002 5.1705 0.7805
925 0.8496008496008496 162.484 11.504334911802465 25.7024 24.29353 24.73031 5.22812 0.7801
924 0.8510108510108514 162.571 11.505014240084106 25.70197 24.29391 24.73044 5.33093 0.7795
923 0.8524208524208525 162.621 11.505285674144133 25.70138 24.29455 24.73068 5.58981 0.7793
922 0.8538458538458538 162.646 11.505285674144133 25.701 24.29519 24.73073 5.59556 0.7788
921 0.8552558552558553 162.691 11.505556938663823 25.70053 24.29564 24.73095 5.72948 0.7795
920 0.856680856680857 162.736 11.505828033854836 25.70057 24.29579 24.73094 5.44995 0.7785
919 0.8581058581058578 162.77 11.505963518018126 25.69959 24.29641 24.7313 5.93651 0.7786
918 0.85953085953086 162.767 11.5056925074122 25.69946 24.29641 24.73155 5.87349 0.7782
917 0.860955860955861 162.826 11.50609895992844 25.69887 24.29683 24.73186 6.13985 0.7782
916 0.8623808623808624 162.843 11.50609895992844 25.69849 24.29737 24.73194 6.1585 0.7782
915 0.8638208638208638 162.848 11.505963518018126 25.69819 24.29756 24.73212 6.14054 0.7779
914 0.8652608652608653 162.912 11.506369717095504 25.69782 24.29803 24.7323 6.18784 0.7777
913 0.8666858666858668 162.905 11.506234359612126 25.69728 24.29847 24.73249 6.32952 0.7778
912 0.8681258681258679 162.958 11.506505032404872 25.69686 24.29915 24.73265 6.34605 0.7775
911 0.8695658695658699 162.956 11.506369717095504 25.69657 24.29962 24.73271 6.24991 0.7777
910 0.8710208710208709 162.97 11.506369717095504 25.69614 24.30015 24.73295 6.37137 0.7774
909 0.8724608724608722 163.011 11.506505032404872 25.6957 24.3002 24.73317 6.44793 0.777
908 0.8739158739158743 163.018 11.506505032404872 25.69551 24.30073 24.73325 6.29432 0.7771
907 0.8753708753708753 163.06 11.506640305566503 25.69485 24.30138 24.73342 6.47029 0.7773
906 0.8768108768108769 163.096 11.506775536606643 25.6945 24.30171 24.7336 6.49842 0.777
905 0.8782808782808784 163.114 11.506775536606643 25.69438 24.3019 24.73368 6.30571 0.7771
904 0.8797358797358799 163.115 11.506640305566503 25.69383 24.30233 24.73392 6.46807 0.7769
903 0.8811908811908811 163.135 11.506775536606643 25.69314 24.30273 24.73423 6.71651 0.7772
902 0.8826608826608826 163.15 11.506775536606643 25.69285 24.30299 24.73442 6.67785 0.7769
901 0.884115884115884 163.176 11.506775536606643 25.69246 24.30381 24.73442 6.67955 0.7766
900 0.8855858855858856 163.169 11.506640305566503 25.692 24.30426 24.73461 6.70555 0.7765
899 0.8870558870558871 163.21 11.506775536606643 25.69169 24.3042 24.73489 6.71637 0.7765
898 0.8885258885258884 163.213 11.506640305566503 25.69138 24.30466 24.73499 6.64381 0.7763
897 0.8900108900108901 163.224 11.506640305566503 25.69052 24.30542 24.73531 7.06065 0.7767
896 0.8914808914808912 163.276 11.506910725551519 25.69027 24.30589 24.73538 6.93765 0.7764
895 0.8929658929658932 163.254 11.506640305566503 25.69037 24.30604 24.73539 6.53394 0.7768
894 0.8944508944508947 163.29 11.506775536606643 25.68956 24.30674 24.73571 6.91169 0.7766
893 0.8959358959358958 163.317 11.506910725551519 25.68906 24.30717 24.73591 7.02157 0.7764
892 0.8974208974208973 163.29 11.506505032404872 25.68914 24.30723 24.73591 6.55842 0.7766
891 0.8989058989058989 163.334 11.506775536606643 25.68859 24.30762 24.73613 6.71065 0.776
890 0.9004059004059006 163.361 11.506910725551519 25.68773 24.30819 24.73655 7.12472 0.7764
889 0.9019059019059019 163.347 11.506640305566503 25.68774 24.30856 24.73647 6.73701 0.7762
888 0.9034059034059032 163.372 11.506640305566503 25.68702 24.30885 24.73689 7.05478 0.7765
887 0.904905904905905 163.395 11.506775536606643 25.68709 24.3092 24.7368 6.62018 0.7759
886 0.9064059064059062 163.364 11.506369717095504 25.68661 24.30975 24.73701 6.71422 0.7757
885 0.9079059079059077 163.401 11.506505032404872 25.68622 24.31031 24.73709 6.69484 0.7759
884 0.9094209094209098 163.404 11.506369717095504 25.68547 24.3108 24.73752 7.0617 0.7758
883 0.9109209109209109 163.404 11.506369717095504 25.6853 24.31091 24.73763 6.84391 0.7758
882 0.9124359124359125 163.42 11.506369717095504 25.68495 24.31126 24.73773 6.72679 0.776
881 0.9139509139509139 163.467 11.506505032404872 25.68474 24.31181 24.73774 6.54367 0.7764
880 0.9154659154659157 163.446 11.506234359612126 25.68378 24.31253 24.73817 7.07608 0.7768
879 0.9169959169959168 163.447 11.50609895992844 25.68348 24.31259 24.73841 7.00489 0.7765
878 0.9185109185109188 163.468 11.506234359612126 25.68309 24.31314 24.7385 6.96452 0.7768
877 0.9200409200409203 163.488 11.506234359612126 25.6828 24.31371 24.73861 6.86656 0.7766
876 0.9215709215709218 163.504 11.506234359612126 25.68268 24.31373 24.73874 6.59415 0.7768
875 0.9231009231009233 163.524 11.506234359612126 25.68204 24.31424 24.73902 6.77052 0.777
874 0.9246309246309246 163.513 11.505963518018126 25.68199 24.31468 24.73898 6.45231 0.7774
873 0.9261759261759261 163.564 11.506369717095504 25.68114 24.31522 24.73936 6.82224 0.7775
872 0.9277059277059276 163.516 11.505828033854836 25.68107 24.31536 24.73947 6.54004 0.7782
871 0.9292509292509292 163.543 11.505963518018126 25.68078 24.31591 24.73959 6.42869 0.7778
870 0.9307959307959308 163.595 11.506234359612126 25.67999 24.31625 24.7399 6.68537 0.7788
869 0.9323409323409324 163.599 11.50609895992844 25.67989 24.3164 24.73995 6.3825 0.7786
868 0.9338859338859338 163.62 11.50609895992844 25.67964 24.31728 24.7399 6.24668 0.7789
867 0.9354459354459355 163.654 11.506234359612126 25.67883 24.31768 24.74028 6.57437 0.7794
866 0.9370059370059372 163.712 11.506640305566503 25.67864 24.31791 24.74041 6.35824 0.7793
865 0.9385509385509387 163.75 11.506775536606643 25.67809 24.31828 24.74064 6.4095 0.7799
864 0.9401109401109402 163.747 11.506640305566503 25.67765 24.31857 24.7409 6.44768 0.7801
863 0.9416859416859418 163.813 11.507045872427327 25.67757 24.31952 24.74068 6.10896 0.7801
862 0.9432459432459435 163.792 11.506775536606643 25.67706 24.31984 24.74093 6.16711 0.78
861 0.944820944820945 163.91 11.50758603976301 25.67652 24.31991 24.74126 6.16746 0.7806
860 0.9463809463809465 163.923 11.50758603976301 25.6764 24.32066 24.74114 5.90877 0.7809
859 0.9479559479559481 163.965 11.507720976685613 25.67612 24.32076 24.74129 5.68104 0.7807
858 0.9495309495309499 163.995 11.507855871695831 25.67579 24.32134 24.74149 5.68125 0.7813
857 0.9511209511209513 164.017 11.507855871695831 25.67521 24.32141 24.74173 5.68661 0.7812
856 0.9526959526959526 164.012 11.507720976685613 25.67486 24.32217 24.74179 5.68492 0.7814
855 0.9542859542859543 164.043 11.507855871695831 25.67451 24.32258 24.7419 5.58258 0.7815
854 0.955875955875956 164.056 11.507855871695831 25.67387 24.32269 24.74233 5.73402 0.7819
853 0.9574659574659574 164.085 11.507990724819692 25.67373 24.32295 24.74232 5.3947 0.7821
852 0.9590559590559593 164.076 11.507720976685613 25.67343 24.32378 24.74232 5.33366 0.783
851 0.9606459606459608 164.103 11.507855871695831 25.67273 24.32378 24.74271 5.47587 0.7833
850 0.9622509622509625 164.112 11.507720976685613 25.6725 24.32418 24.74282 5.34422 0.7833
849 0.9638559638559638 164.062 11.507316040076415 25.67197 24.3248 24.74298 5.45677 0.784
848 0.9654459654459655 164.072 11.50718097726024 25.67176 24.32499 24.74311 5.23072 0.7836
847 0.9670659670659671 164.097 11.507316040076415 25.67152 24.32534 24.74317 5.06866 0.7841
846 0.9686709686709687 164.074 11.507045872427327 25.67112 24.32575 24.74332 4.97661 0.7845
845 0.9702909702909703 164.08 11.506910725551519 25.67078 24.32633 24.74339 4.90185 0.785
844 0.9718959718959723 164.025 11.506369717095504 25.66993 24.32695 24.74378 5.26988 0.7844
843 0.9735159735159733 164.075 11.506640305566503 25.66966 24.32735 24.74389 5.13134 0.7845
842 0.9751359751359754 164.039 11.506234359612126 25.6692 24.32748 24.74415 5.08901 0.7846
841 0.9767709767709765 164.15 11.507045872427327 25.66919 24.32777 24.74405 4.63272 0.7841
840 0.9783909783909785 164.159 11.506910725551519 25.66879 24.32837 24.7442 4.62595 0.7837
839 0.9800259800259801 164.15 11.506775536606643 25.66846 24.32874 24.74431 4.45665 0.7841
838 0.9816609816609816 164.131 11.506505032404872 25.6679 24.32892 24.74466 4.52005 0.7845
837 0.9832959832959836 164.05 11.5056925074122 25.66766 24.32972 24.74463 4.3682 0.7845
836 0.9849309849309851 164.031 11.505421327583282 25.6672 24.3302 24.74481 4.26791 0.7843
835 0.9865659865659868 163.95 11.504606770641955 25.66678 24.33051 24.745 4.07762 0.785
834 0.9882159882159882 163.921 11.504334911802465 25.6666 24.33076 24.74502 3.74794 0.7849
833 0.9898659898659903 163.819 11.503382063473733 25.66608 24.33087 24.74542 3.70924 0.7852
832 0.9915159915159917 163.655 11.501880493755058 25.66562 24.33174 24.74541 3.58836 0.7856
831 0.9931659931659931 163.539 11.5009222391903 25.66528 24.33204 24.74562 3.49244 0.7853
830 0.9948309948309946 163.518 11.500648063371912 25.66515 24.33227 24.74561 3.22491 0.7853
829 0.9964809964809966 163.443 11.49982449583958 25.66474 24.33281 24.74572 3.20428 0.7856
828 0.9981459981459981 163.413 11.499549625905148 25.66441 24.33293 24.74595 3.12624 0.7858
827 0.9998109998109999 163.349 11.498861688992884 25.66405 24.33363 24.74611 3.15122 0.7859
826 1.0014760014760022 163.331 11.498586208817517 25.66352 24.33408 24.74625 3.19435 0.7856
825 1.0031560031560032 163.336 11.498586208817517 25.6634 24.33412 24.74642 3.04418 0.7854
824 1.0048210048210047 163.345 11.498448403173999 25.66269 24.33439 24.7468 3.27505 0.7856
823 1.0065010065010065 163.296 11.498034723687027 25.66261 24.33497 24.7467 3.03392 0.7853
822 1.0081810081810083 163.335 11.498172660636543 25.66183 24.33547 24.74701 3.28169 0.7871
821 1.00987600987601 163.323 11.498034723687027 25.66179 24.33582 24.74701 3.04686 0.7865
820 1.0115560115560118 163.345 11.498034723687027 25.66118 24.33599 24.74736 3.16719 0.7869
819 1.013251013251013 163.333 11.497758718287269 25.66076 24.33634 24.74763 3.30044 0.7876
818 1.0149460149460148 163.381 11.498034723687027 25.66052 24.33689 24.74767 3.18164 0.7877
817 1.0166410166410165 163.385 11.498034723687027 25.66039 24.33725 24.74761 2.9448 0.788
816 1.0183360183360182 163.389 11.49789674291322 25.6599 24.33755 24.74789 3.05899 0.7882
815 1.0200460200460202 163.431 11.498034723687027 25.65981 24.33788 24.74789 2.93469 0.789
814 1.0217410217410219 163.373 11.49748253736737 25.65952 24.33803 24.74811 3.01897 0.7887
813 1.0234510234510235 163.393 11.49748253736737 25.65904 24.3383 24.74828 3.00975 0.7892
812 1.025161025161025 163.403 11.49748253736737 25.65852 24.33846 24.74866 3.21 0.7898
811 1.026886026886027 163.397 11.49734438101758 25.65819 24.33933 24.74857 3.01966 0.7905
810 1.028596028596029 163.399 11.497206180703955 25.65799 24.33938 24.74875 3.10989 0.7909
809 1.0303210303210304 163.366 11.496929648073214 25.65747 24.33941 24.74909 3.33164 0.7917
808 1.0320460320460318 163.415 11.497067936398505 25.65699 24.34005 24.74929 3.34803 0.7922
807 1.0337710337710342 163.439 11.497206180703955 25.65664 24.34043 24.74936 3.30071 0.7932
806 1.0355110355110355 163.382 11.496652939250918 25.6563 24.34046 24.74953 3.39736 0.7938
805 1.0372360372360374 163.455 11.497067936398505 25.65619 24.34076 24.74958 3.36865 0.7943
804 1.0389760389760392 163.432 11.496791315700042 25.6556 24.34114 24.74987 3.50829 0.7947
803 1.040716040716041 163.452 11.496791315700042 25.6555 24.34166 24.74989 3.44834 0.7955
802 1.0424560424560427 163.439 11.496652939250918 25.65492 24.34211 24.75001 3.41098 0.7965
801 1.0442110442110444 163.427 11.496376054012401 25.65459 24.34208 24.7503 3.69477 0.7969
800 1.045966045966046 163.473 11.496652939250918 25.65439 24.34229 24.75042 3.78276 0.7977
799 1.0477060477060478 163.469 11.496514518697746 25.65392 24.34296 24.75045 3.68249 0.7981
798 1.0494760494760493 163.495 11.496514518697746 25.65358 24.34349 24.75057 3.64128 0.7991
797 1.0512310512310514 163.424 11.495960394881704 25.65327 24.34375 24.7507 3.74985 0.7999
796 1.0530010530010525 163.439 11.495960394881704 25.65264 24.34358 24.75115 4.17947 0.8005
795 1.054756054756055 163.403 11.495544337546448 25.65221 24.34409 24.7513 4.19986 0.8014
794 1.0565260565260566 163.466 11.495821753385906 25.65199 24.34456 24.75124 4.02631 0.8017
793 1.0583110583110584 163.492 11.495960394881704 25.65198 24.34466 24.75136 4.26164 0.8018
792 1.06008106008106 163.458 11.495544337546448 25.65142 24.34463 24.75164 4.5586 0.8027
791 1.0618660618660618 163.43 11.495266744387811 25.65088 24.34503 24.75188 4.69382 0.803
790 1.0636510636510637 163.44 11.495266744387811 25.65061 24.34529 24.75196 4.76607 0.8033
789 1.0654360654360655 163.454 11.495266744387811 25.65004 24.34574 24.75224 4.86363 0.8041
788 1.0672210672210674 163.457 11.495127881242933 25.64983 24.34575 24.75233 5.06172 0.8047
787 1.069021069021069 163.433 11.494850021680094 25.64927 24.34643 24.75248 4.94595 0.8049
786 1.0708210708210704 163.413 11.494571984230198 25.64896 24.34679 24.75258 5.01421 0.8053
785 1.072621072621072 163.404 11.494293768665333 25.64847 24.34731 24.75259 4.89627 0.806
784 1.0744210744210747 163.371 11.494015374757144 25.64839 24.34739 24.75265 5.09671 0.8067
783 1.0762360762360763 163.389 11.494015374757144 25.64796 24.34759 24.75289 5.30648 0.8078
782 1.078036078036078 163.407 11.494015374757144 25.6474 24.34809 24.75307 5.26486 0.8082
781 1.0798510798510796 163.358 11.493458050995189 25.64675 24.34819 24.75333 5.48724 0.8083
780 1.081681081681082 163.395 11.49373680227684 25.64675 24.3484 24.7533 5.55658 0.8091
779 1.0834960834960836 163.353 11.493179120682516 25.64623 24.34901 24.75335 5.47718 0.8098
778 1.085326085326085 163.372 11.493318608232101 25.6458 24.34879 24.75375 5.98306 0.8107
777 1.087156087156087 163.342 11.492900011108704 25.64492 24.3495 24.754 5.82678 0.8116
776 1.088986088986089 163.35 11.492900011108704 25.64466 24.34958 24.75417 6.02721 0.812
775 1.0908160908160909 163.324 11.492481010128877 25.64458 24.34981 24.75405 6.06783 0.8125
774 1.0926610926610927 163.331 11.492481010128877 25.64375 24.35038 24.75437 6.01754 0.8127
773 1.0945060945060945 163.304 11.492201451392539 25.64366 24.35038 24.7544 6.30353 0.8138
772 1.0963510963510963 163.298 11.491921712586151 25.64329 24.35101 24.75446 6.14404 0.8142
771 1.0981960981960976 163.272 11.491641793477585 25.64277 24.35151 24.75468 6.12517 0.8151
770 1.1000561000560998 163.243 11.491361693834273 25.64201 24.35118 24.7551 6.74003 0.8157
769 1.1019161019161023 163.232 11.491081413423187 25.64184 24.35196 24.75492 6.33937 0.816
768 1.1037761037761045 163.211 11.490800952010854 25.64143 24.35194 24.75525 6.76739 0.8166
767 1.1056361056361057 163.204 11.490660653356137 25.64112 24.35248 24.75528 6.63293 0.817
766 1.1074961074961074 163.199 11.49052030936335 25.64068 24.35262 24.75544 6.76677 0.8177
765 1.1093711093711094 163.159 11.490099005063305 25.64011 24.35315 24.75565 6.75122 0.8182
764 1.111246111246111 163.182 11.490099005063305 25.6398 24.35317 24.75576 7.04049 0.8188
763 1.1131361131361133 163.085 11.48925516836926 25.63932 24.35336 24.75592 7.27792 0.8199
762 1.1150111150111153 163.074 11.488973524726509 25.63894 24.35403 24.75605 7.04849 0.8204
761 1.1169011169011167 163.086 11.488973524726509 25.63856 24.35421 24.75614 7.14854 0.8209
760 1.118791118791119 163.06 11.488691698316941 25.63803 24.35455 24.75644 7.26769 0.8214
759 1.1206811206811205 163.047 11.488409688903198 25.63716 24.35475 24.75688 7.5339 0.8225
758 1.1225861225861222 163.012 11.488127496247458 25.63713 24.35489 24.75677 7.65955 0.8228
757 1.1244911244911249 163.042 11.48826861549546 25.63655 24.35556 24.75691 7.46272 0.8235
756 1.1263961263961266 163.032 11.487986331129393 25.63612 24.35548 24.75731 7.92707 0.8243
755 1.128301128301128 162.961 11.487279816443069 25.6359 24.35571 24.75732 8.03846 0.8246
754 1.1302061302061306 162.92 11.486855355276944 25.63538 24.35642 24.7574 7.80126 0.8253
753 1.1321261321261322 162.936 11.486996888431822 25.63505 24.35668 24.75753 7.85118 0.8256
752 1.1340461340461339 162.852 11.486146996806573 25.63464 24.35662 24.75785 8.30656 0.8258
751 1.1359811359811358 162.874 11.486146996806573 25.63432 24.35674 24.75798 8.50141 0.8267
750 1.137901137901138 162.829 11.48572142648158 25.63394 24.35747 24.75791 8.17041 0.8265
749 1.1398361398361398 162.828 11.485579476984679 25.63328 24.35791 24.7583 8.23155 0.8271
748 1.1417711417711414 162.825 11.485437481076302 25.63285 24.35782 24.75853 8.6167 0.8278
747 1.1437061437061438 162.876 11.48572142648158 25.63259 24.35829 24.75847 8.39557 0.8281
746 1.145656145656146 162.833 11.485295438726089 25.63191 24.35872 24.75882 8.49813 0.8286
745 1.1476061476061474 162.787 11.484869032720402 25.63163 24.35871 24.7589 8.75869 0.8294
744 1.1495561495561502 162.775 11.484584529282843 25.63107 24.35916 24.75916 8.74525 0.83
743 1.1515211515211514 162.802 11.484726804298662 25.63066 24.35985 24.75907 8.40382 0.8295
742 1.1534711534711537 162.86 11.485153349903653 25.6306 24.36003 24.75891 8.33199 0.8291
741 1.155436155436155 162.953 11.48572142648158 25.63005 24.36014 24.7593 8.60952 0.829
740 1.1574011574011571 162.899 11.485153349903653 25.62947 24.36062 24.75941 8.52934 0.8285
739 1.1593811593811592 162.888 11.485011214578574 25.62896 24.36091 24.75961 8.59806 0.8288
738 1.1613461613461613 162.996 11.48572142648158 25.62877 24.36145 24.75934 8.2194 0.8279
737 1.1633261633261633 162.926 11.485011214578574 25.62813 24.36155 24.75982 8.57533 0.8283
736 1.1653211653211653 162.891 11.484726804298662 25.62808 24.36177 24.75962 8.4252 0.8276
735 1.1673011673011673 162.854 11.484299839346786 25.62759 24.36197 24.75971 8.47347 0.8274
734 1.1692961692961692 162.735 11.48315920971698 25.62693 24.36251 24.75999 8.49533 0.8276
733 1.1712911712911716 162.715 11.482873583608754 25.6267 24.36279 24.75993 8.42846 0.8269
732 1.173301173301173 162.714 11.482873583608754 25.62639 24.3634 24.75975 8.01747 0.8269
731 1.1752961752961752 162.698 11.482587769526768 25.6257 24.36362 24.76012 8.32557 0.8272
730 1.1773061773061775 162.699 11.482444791918265 25.62553 24.36435 24.7599 7.85208 0.8273
729 1.1793161793161797 162.674 11.482158695411277 25.62521 24.36457 24.75985 7.81395 0.8272
728 1.1813411813411814 162.673 11.482015576450712 25.62469 24.36483 24.76003 7.93624 0.8277
727 1.1833511833511832 162.64 11.481729196960016 25.62421 24.36506 24.7603 8.15042 0.8277
726 1.1853761853761853 162.593 11.481155870828035 25.62355 24.36589 24.7604 7.93035 0.8282
725 1.1874161874161873 162.622 11.481299273332855 25.62346 24.36599 24.76023 7.8119 0.8281
724 1.1894411894411894 162.602 11.481012420956572 25.6227 24.36643 24.76052 7.97269 0.8287
723 1.1914811914811914 162.582 11.480725378988488 25.62223 24.36691 24.76062 7.91585 0.829
722 1.1935211935211933 162.578 11.48058178682917 25.62184 24.36735 24.76056 7.75089 0.8292
721 1.1955761955761957 162.554 11.480294460003007 25.62165 24.36766 24.76031 7.53022 0.8298
720 1.197616197616198 162.578 11.480438147177818 25.62109 24.36801 24.76044 7.57227 0.8303
719 1.1996711996712 162.568 11.48015072527328 25.6205 24.36879 24.76059 7.36922 0.8289
718 1.2017412017412017 162.578 11.48015072527328 25.61996 24.36918 24.76093 7.48195 0.8286
717 1.2037962037962036 162.587 11.48015072527328 25.61967 24.36964 24.76091 7.30719 0.8283
716 1.2058662058662062 162.509 11.479431337197736 25.61921 24.36976 24.76117 7.6129 0.8284
715 1.207936207936208 162.43 11.47871075551276 25.61874 24.37007 24.76126 7.70876 0.8285
714 1.2100212100212104 162.461 11.478854967528664 25.61819 24.37059 24.76149 7.68823 0.8287
713 1.2120912120912122 162.426 11.478422187740081 25.6176 24.37126 24.76151 7.53371 0.8295
712 1.2141762141762142 162.44 11.478422187740081 25.61733 24.37179 24.76138 7.26867 0.8296
711 1.2162762162762162 162.448 11.478422187740081 25.61687 24.37222 24.76151 7.26895 0.8305
710 1.2183612183612187 162.42 11.47798897625089 25.6166 24.37235 24.76153 7.29281 0.8315
709 1.2204612204612197 162.396 11.47769992833213 25.61596 24.37279 24.76166 7.35775 0.8324
708 1.2225762225762224 162.4 11.47769992833213 25.61584 24.37358 24.76125 6.74471 0.8326
707 1.2246762246762248 162.331 11.476976465759527 25.61529 24.37384 24.76144 6.91226 0.8334
706 1.226791226791227 162.32 11.47683162851226 25.61484 24.37404 24.76156 7.07386 0.8348
705 1.228906228906229 162.264 11.476251796007034 25.61425 24.37513 24.76154 6.61259 0.8349
704 1.2310212310212312 162.264 11.476106716840192 25.61384 24.37569 24.76134 6.37494 0.8359
703 1.2331512331512333 162.225 11.47567118832443 25.61341 24.37556 24.76159 6.76878 0.8375
702 1.235281235281235 162.215 11.475525915039281 25.61309 24.3763 24.76118 6.23665 0.8378
701 1.2374112374112372 162.178 11.475089803389007 25.61226 24.37692 24.76149 6.35832 0.8392
700 1.2395562395562396 162.133 11.474653253362062 25.61162 24.37766 24.76133 6.13869 0.8396
699 1.241701241701242 162.092 11.474216264076254 25.6109 24.37794 24.76126 6.37124 0.8389
698 1.243846243846244 162.106 11.474216264076254 25.61024 24.37895 24.76132 6.08525 0.8386
697 1.246006246006246 162.086 11.473924693416157 25.60967 24.3796 24.76142 6.06526 0.8386
696 1.2481662481662483 162.033 11.473486970064569 25.60898 24.37999 24.76174 6.3451 0.8383
695 1.2503262503262507 162.057 11.473486970064569 25.60861 24.38024 24.76189 6.41116 0.8389
694 1.2524862524862526 162.025 11.473194909204938 25.60793 24.38124 24.76195 6.28104 0.8393
693 1.2546612546612548 161.98 11.472756449317213 25.60734 24.38179 24.76214 6.35401 0.8401
692 1.2568362568362574 161.952 11.472317546316841 25.60713 24.38204 24.76212 6.22174 0.8406
691 1.259026259026259 161.863 11.471585054185189 25.60626 24.383 24.76249 6.39613 0.8419
690 1.2612012612012613 161.862 11.471438407389298 25.60589 24.38308 24.76262 6.49856 0.8424
689 1.2634062634062637 161.826 11.470998169660874 25.60531 24.38409 24.76272 6.37925 0.8431
688 1.2655962655962654 161.755 11.470410490975931 25.60462 24.38446 24.76306 6.71705 0.844
687 1.2678012678012678 161.742 11.470116353151004 25.60416 24.38489 24.76322 6.7397 0.845
686 1.2700062700062698 161.685 11.469527479187013 25.6039 24.38567 24.76295 6.38664 0.8454
685 1.2722112722112722 161.643 11.46908529912312 25.60335 24.38627 24.76313 6.42912 0.846
684 1.2744312744312745 161.657 11.46908529912312 25.60282 24.38677 24.76336 6.49323 0.8461
683 1.2766512766512763 161.549 11.468199586072613 25.60227 24.38728 24.76358 6.61939 0.8469
682 1.2788712788712782 161.536 11.4679039465228 25.60184 24.38796 24.76357 6.50256 0.8477
681 1.2811062811062812 161.384 11.466571072386355 25.60126 24.38813 24.76398 6.86023 0.8492
680 1.2833412833412834 161.324 11.465977368285824 25.60092 24.38905 24.76372 6.47951 0.8501
679 1.2855762855762851 161.311 11.465828815357437 25.60023 24.38958 24.76421 6.85504 0.8514
678 1.287826287826288 161.192 11.464787519645936 25.59988 24.38978 24.76431 6.76543 0.8516
677 1.2900762900762897 161.119 11.46404220543881 25.59953 24.39068 24.76414 6.54082 0.8528
676 1.2923262923262921 161.037 11.463295609962003 25.59909 24.39084 24.76441 6.68225 0.8537
675 1.294591294591295 160.891 11.461948495203762 25.59888 24.39124 24.76438 6.42846 0.8544
674 1.2968562968562969 160.863 11.461648568063454 25.5985 24.39231 24.76414 6.17883 0.8553
673 1.2991212991212997 160.745 11.460597188897601 25.59801 24.39239 24.76461 6.40433 0.8561
672 1.3014013014013015 160.674 11.45999525604739 25.59802 24.39312 24.76395 5.74455 0.856
671 1.3036813036813037 160.561 11.458939861890325 25.59747 24.39341 24.76439 5.94607 0.857
670 1.305961305961306 160.432 11.457730548245998 25.59757 24.39345 24.764 5.43812 0.8554
669 1.3082563082563086 160.233 11.456062224454952 25.59712 24.39396 24.76409 5.43607 0.8533
668 1.3105513105513111 160.137 11.455149521179829 25.59691 24.39451 24.76358 5.17536 0.8512
667 1.3128463128463128 160.092 11.454692449239477 25.5964 24.39479 24.76368 5.20303 0.8482
666 1.3151563151563148 160.043 11.454234895748266 25.59582 24.39527 24.76375 5.36363 0.8468
665 1.3174663174663177 160.0 11.453776859690443 25.59558 24.3957 24.76339 5.2363 0.8468
664 1.3197763197763202 159.858 11.452553063228926 25.5951 24.39637 24.76339 5.288 0.8452
663 1.3221013221013225 159.778 11.45178643552429 25.59422 24.39695 24.76376 5.69049 0.8451
662 1.3244263244263248 159.645 11.450557009418329 25.59387 24.39761 24.7636 5.68779 0.8446
661 1.3267663267663274 159.5 11.449324093098728 25.59319 24.39781 24.7639 6.07211 0.8443
660 1.3291063291063292 159.343 11.44793286559218 25.59269 24.39819 24.76399 6.32098 0.8444
659 1.3314463314463314 159.125 11.445915413951123 25.59245 24.39886 24.76354 6.42944 0.8444
658 1.333801333801334 159.035 11.445136968713305 25.59177 24.39911 24.76384 6.79305 0.8441
657 1.3361413361413361 158.97 11.444513206334044 25.59121 24.39982 24.76378 6.97695 0.8442
656 1.3385113385113385 158.812 11.443106456737267 25.59091 24.39991 24.7638 6.98329 0.8434
655 1.3408663408663406 158.802 11.44294986957786 25.59018 24.4007 24.76388 7.29902 0.8447
654 1.3432363432363434 158.654 11.441538038702161 25.5898 24.40084 24.76388 7.35433 0.8453
653 1.3456213456213457 158.435 11.439648429563473 25.58912 24.40125 24.76409 7.53284 0.8446
652 1.3479913479913481 158.342 11.438858659420562 25.58839 24.40193 24.76428 7.75532 0.845
651 1.3503913503913503 158.208 11.437592032253962 25.58776 24.40254 24.76435 7.9701 0.8451
650 1.3527763527763526 158.073 11.436480695009495 25.58736 24.4029 24.76437 7.95452 0.8459
649 1.3551763551763552 157.953 11.435366506612661 25.58673 24.40319 24.76451 8.08919 0.8468
648 1.3575763575763578 157.832 11.434249452396475 25.58649 24.40376 24.7641 7.97772 0.8464
647 1.3599913599913602 157.734 11.433289685195026 25.58556 24.40438 24.76455 8.36577 0.848
646 1.3624063624063627 157.438 11.430719887863281 25.58501 24.40474 24.76459 8.2894 0.848
645 1.3648213648213652 157.129 11.42813479402879 25.58479 24.40504 24.76425 7.90217 0.8475
644 1.3672513672513675 156.93 11.426348573787507 25.58391 24.40593 24.76441 8.07864 0.8485
643 1.3696813696813703 156.794 11.425208051138656 25.58361 24.40632 24.76416 7.86513 0.8486
642 1.3721113721113722 156.622 11.423573519732736 25.58294 24.407 24.76422 7.99915 0.8497
641 1.3745563745563745 156.557 11.422917980767663 25.58265 24.40685 24.76415 7.74297 0.8487
640 1.3770013770013771 156.41 11.421603926869832 25.58222 24.40745 24.76388 7.73249 0.8493
639 1.3794613794613797 156.207 11.419790586106362 25.58152 24.40765 24.76414 7.78069 0.8489
638 1.3819213819213818 156.165 11.41946007278607 25.58104 24.40843 24.76395 7.79822 0.8508
637 1.384381384381384 156.046 11.418301291319745 25.58077 24.40832 24.76392 7.57637 0.851
636 1.3868563868563868 155.82 11.416307587059883 25.58013 24.40889 24.76397 7.66088 0.8506
635 1.3893313893313897 155.791 11.415974411376565 25.57991 24.40955 24.76367 7.48426 0.8505
634 1.391821391821392 155.666 11.414806279501013 25.57935 24.40958 24.7637 7.47373 0.8509
633 1.3943113943113943 155.474 11.413132050434871 25.57895 24.41036 24.76343 7.44732 0.8518
632 1.396801396801397 155.374 11.412292509323047 25.57871 24.41041 24.76342 7.13702 0.8518
631 1.3993063993063997 155.173 11.410439786210347 25.57799 24.4106 24.76394 7.04234 0.8531
630 1.4018114018114018 154.862 11.407730728026335 25.57763 24.41154 24.76352 6.65129 0.8522
629 1.4043314043314044 154.716 11.406369835469267 25.57731 24.41161 24.76353 6.29013 0.8509
628 1.4068514068514069 154.543 11.404833716619938 25.57707 24.41227 24.76319 6.04081 0.8509
627 1.4093714093714094 154.412 11.403635189790547 25.57657 24.41286 24.7634 5.9936 0.8506
626 1.4119064119064122 154.331 11.402777069610348 25.57609 24.41295 24.76366 5.92266 0.8509
625 1.4144414144414146 154.219 11.401745082237063 25.57574 24.41372 24.7635 5.83092 0.8506
624 1.4169914169914168 154.128 11.400883215548363 25.57534 24.41441 24.76339 5.75701 0.8508
623 1.4195414195414195 153.98 11.39950066131461 25.5749 24.415 24.76339 5.73431 0.8516
622 1.4220914220914223 153.986 11.39950066131461 25.57458 24.41495 24.76367 5.59108 0.8512
621 1.4246564246564244 153.882 11.398460849608224 25.57411 24.41547 24.76379 5.5307 0.8521
620 1.4272214272214274 153.817 11.397940008672037 25.57367 24.41612 24.76393 5.51571 0.8518
619 1.4298014298014299 153.675 11.396548037987133 25.57353 24.41643 24.76371 5.34058 0.8523
618 1.4323814323814323 153.594 11.395850376018782 25.57314 24.41707 24.7637 5.27734 0.8539
617 1.4349764349764351 153.517 11.394976719554565 25.57236 24.41761 24.76428 5.42105 0.8543
616 1.437571437571438 153.365 11.393750640348081 25.57193 24.41818 24.76448 5.35897 0.855
615 1.4401664401664402 153.351 11.393399695293102 25.57161 24.41826 24.7648 5.23247 0.8548
614 1.4427764427764425 153.22 11.392345155361204 25.57114 24.41919 24.7649 5.17098 0.8552
613 1.4453864453864456 153.128 11.391288048595298 25.57081 24.41971 24.76508 5.03533 0.8553
612 1.448011448011448 153.046 11.390581878550435 25.57058 24.42016 24.76508 4.85005 0.8555
611 1.4506364506364506 152.992 11.390051496458987 25.57007 24.42079 24.76571 4.8424 0.8542
610 1.4532614532614536 152.88 11.388988785124715 25.56988 24.4212 24.76568 4.59366 0.8539
609 1.4559014559014565 152.801 11.38827886345964 25.56938 24.42183 24.76626 4.62466 0.8536
608 1.458541458541458 152.657 11.386855529184725 25.56923 24.42203 24.76642 4.4552 0.8515
607 1.4611964611964612 152.592 11.386142108930818 25.56904 24.42281 24.76637 4.11361 0.8497
606 1.4638514638514635 152.493 11.385248682403219 25.56895 24.42271 24.76653 3.9916 0.8487
605 1.4665214665214665 152.313 11.38363586836188 25.56855 24.42326 24.76664 4.07775 0.8466
604 1.4691914691914691 152.213 11.38273726576133 25.56827 24.42357 24.76669 4.03969 0.8442
603 1.471876471876472 152.148 11.38201704257487 25.568 24.42418 24.76656 3.9335 0.8432
602 1.474561474561475 152.038 11.380934463330702 25.56785 24.42467 24.76622 3.7369 0.8428
601 1.4772464772464775 151.966 11.380392160057028 25.56761 24.4246 24.76665 3.6126 0.8414
600 1.4799464799464799 151.872 11.379486813717273 25.56737 24.4252 24.76623 3.50078 0.8407
599 1.4826614826614826 151.842 11.379124146070392 25.56672 24.42561 24.76674 3.54026 0.8395
598 1.4853764853764857 151.769 11.378397900948137 25.56644 24.42608 24.76653 3.49017 0.8387
597 1.488091488091488 151.572 11.376576957056512 25.56609 24.42679 24.76645 3.40899 0.8378
596 1.4908214908214914 151.537 11.376211850282672 25.56573 24.42716 24.76651 3.33972 0.8381
595 1.4935514935514935 151.482 11.375663613960885 25.5656 24.42766 24.7661 3.34527 0.838
594 1.4962814962814965 151.34 11.374198257929082 25.56519 24.42793 24.76632 3.36552 0.8374
593 1.4990414990414989 151.402 11.374748346010104 25.56503 24.42848 24.76595 3.41221 0.838
592 1.5017865017865022 151.346 11.374198257929082 25.56462 24.42876 24.76604 3.48866 0.8382
591 1.5045465045465045 151.287 11.373463721632369 25.56409 24.42951 24.76632 3.34544 0.8384
590 1.5073215073215076 151.19 11.37254380075907 25.56402 24.42936 24.76639 3.48119 0.8391
589 1.5100965100965107 151.157 11.372175286115064 25.56347 24.42979 24.76637 3.61798 0.836
588 1.5128715128715133 151.192 11.372359582524323 25.56316 24.42996 24.7661 3.91148 0.8349
587 1.5156615156615159 151.169 11.372175286115064 25.56232 24.43027 24.76629 4.05824 0.8337
586 1.5184665184665187 151.147 11.371806458507416 25.56186 24.43073 24.76611 4.25037 0.8327
585 1.5212715212715215 151.097 11.371437317404101 25.56129 24.43115 24.76615 4.34723 0.8324
584 1.5240765240765244 150.955 11.369957607346054 25.56114 24.43161 24.76568 4.6293 0.8321
583 1.5268965268965276 150.921 11.369586890736345 25.56041 24.43206 24.76613 4.52104 0.8318
582 1.5297165297165298 150.938 11.369772288596963 25.56003 24.43252 24.76586 4.73885 0.8331
581 1.5325515325515324 150.814 11.368472838440361 25.55948 24.43277 24.76618 4.74329 0.833
580 1.5354015354015362 150.77 11.368100851709352 25.55909 24.43326 24.76586 4.94329 0.8336
579 1.5382365382365384 150.649 11.366982975977852 25.55857 24.43383 24.76594 4.92862 0.8332
578 1.5411015411015412 150.605 11.366422957225973 25.55811 24.43457 24.76604 4.79804 0.8354
577 1.543966543966544 150.451 11.364926033789976 25.55779 24.43505 24.76579 4.89739 0.8361
576 1.5468315468315472 150.192 11.362670929725667 25.55713 24.43545 24.7662 4.82179 0.8358
575 1.54971154971155 149.822 11.359456020120987 25.55684 24.43616 24.76571 4.87169 0.8373
574 1.5525915525915521 149.663 11.357934847000454 25.55637 24.43635 24.76609 4.97684 0.838
573 1.555486555486556 149.589 11.357172257723034 25.55576 24.43678 24.76653 5.10691 0.8411
572 1.5583815583815586 149.41 11.355451520126518 25.5555 24.43748 24.76631 5.04704 0.841
571 1.5612915612915614 149.299 11.354492600589436 25.5552 24.43762 24.76631 5.22125 0.8429
570 1.5642165642165642 149.188 11.353339095311304 25.55475 24.43843 24.7663 5.16659 0.8437
569 1.5671415671415665 149.115 11.35276119172383 25.55439 24.43913 24.76632 5.10432 0.8441
568 1.5700665700665697 149.059 11.351989455435632 25.55458 24.44022 24.76615 4.63852 0.8455
567 1.5730065730065732 148.845 11.35005409357903 25.55414 24.44044 24.76637 4.7622 0.8448
566 1.5759465759465758 148.753 11.349277527467954 25.55383 24.44178 24.76656 4.35981 0.8426
565 1.5789015789015792 148.838 11.34986008219233 25.55404 24.44232 24.76707 3.85746 0.8372
564 1.5818715818715812 148.981 11.351022852584125 25.55425 24.4424 24.76698 3.82075 0.8376
563 1.5848415848415849 149.029 11.35140975192544 25.55385 24.44298 24.76752 3.63045 0.835
562 1.587826587826588 149.057 11.35160307241913 25.55368 24.44363 24.76762 3.46501 0.8332
561 1.5908115908115907 149.042 11.351216345339342 25.55369 24.44339 24.7677 3.78394 0.8341
560 1.5937965937965939 149.003 11.350829273582967 25.55322 24.44442 24.76763 3.58123 0.8322
559 1.5968115968115968 148.992 11.350635608258955 25.55303 24.44452 24.76787 3.77406 0.8314
558 1.5998115998115998 148.953 11.350248018334163 25.55278 24.44524 24.76811 3.57981 0.8307
557 1.602841602841603 148.925 11.34986008219233 25.55255 24.44538 24.7681 3.89253 0.8309
556 1.605856605856606 148.889 11.349471799214387 25.55231 24.44593 24.76818 3.88834 0.8308
555 1.6089016089016086 148.813 11.34869419026554 25.55182 24.44671 24.76839 3.73557 0.8298
554 1.6119466119466122 148.883 11.349277527467954 25.55174 24.4472 24.76806 3.99323 0.8312
553 1.6149916149916148 148.707 11.347720217034038 25.55136 24.44755 24.76842 4.07718 0.8294
552 1.6180516180516182 148.71 11.347525159998689 25.5511 24.4481 24.76853 4.12103 0.8293
551 1.621126621126621 148.727 11.347720217034038 25.55075 24.44848 24.76871 4.29792 0.8315
550 1.624201624201624 148.673 11.34713478291002 25.55056 24.44896 24.76854 4.56719 0.8315
549 1.6272916272916271 148.701 11.34733001531695 25.55009 24.44962 24.76891 4.44569 0.832
548 1.6303816303816303 148.637 11.346548558548474 25.54992 24.44971 24.76889 4.93868 0.8329
547 1.6334866334866334 148.601 11.346157302232008 25.54951 24.45046 24.76908 4.80872 0.8327
546 1.6365916365916364 148.535 11.345569756056392 25.54917 24.45093 24.76912 4.97259 0.8321
545 1.6397116397116402 148.516 11.34537373055909 25.54876 24.45152 24.76926 5.08036 0.8327
544 1.6428466428466435 148.479 11.344785122632661 25.54864 24.4522 24.76889 5.37444 0.8342
543 1.6459816459816463 148.464 11.344588742578713 25.54808 24.45296 24.76926 5.12465 0.8337
542 1.6491316491316494 148.466 11.344588742578713 25.5477 24.45342 24.76951 5.19513 0.8346
541 1.6522816522816521 148.42 11.343999069057162 25.54738 24.4538 24.76953 5.50541 0.8354
540 1.6554466554466551 148.46 11.344392273685111 25.54708 24.45424 24.76992 5.60968 0.8373
539 1.6586116586116586 148.447 11.344195715871434 25.54653 24.45509 24.76988 5.52894 0.8381
538 1.661791661791662 148.458 11.344195715871434 25.54636 24.45552 24.77011 5.75091 0.84
537 1.6649866649866651 148.377 11.343408593803858 25.54593 24.45631 24.76969 5.87201 0.839
536 1.6681816681816684 148.397 11.343408593803858 25.54557 24.45657 24.76996 6.15541 0.8405
535 1.6713916713916723 148.379 11.343211590179747 25.54537 24.45689 24.77008 6.47138 0.8412
534 1.6746166746166744 148.483 11.343999069057162 25.54503 24.45789 24.76972 6.52908 0.8427
533 1.6778416778416783 148.39 11.343211590179747 25.54471 24.45783 24.76995 6.99677 0.8415
532 1.6810666810666812 148.375 11.343014497150767 25.54418 24.45849 24.77036 6.89683 0.8416
531 1.684321684321684 148.367 11.342817314635733 25.54419 24.45897 24.76976 7.35436 0.842
530 1.6875616875616881 148.336 11.342422680822207 25.54378 24.45907 24.77063 7.40283 0.841
529 1.6908316908316898 148.3 11.342027688087471 25.54342 24.45957 24.77087 7.61438 0.8432
528 1.694101694101695 148.319 11.342027688087471 25.54283 24.46038 24.77106 7.45748 0.8434
527 1.6973866973866971 148.358 11.342422680822207 25.54259 24.46099 24.77088 7.73678 0.8443
526 1.700671700671701 148.316 11.34183005692051 25.5422 24.46127 24.7714 7.91435 0.8449
525 1.7039717039717042 148.357 11.34222522936079 25.54157 24.46213 24.77168 7.76018 0.8454
524 1.7072867072867077 148.32 11.34183005692051 25.54126 24.46243 24.77208 8.05032 0.8472
523 1.7106017106017095 148.377 11.34222522936079 25.54071 24.46356 24.77177 7.83612 0.8477
522 1.7139317139317138 148.377 11.342027688087471 25.54037 24.46401 24.77196 8.10939 0.8487
521 1.7172767172767163 148.347 11.34183005692051 25.53989 24.46412 24.7728 8.39742 0.8506
520 1.7206217206217214 148.356 11.34183005692051 25.53937 24.46506 24.77287 8.3155 0.851
519 1.7239817239817241 148.386 11.342027688087471 25.53902 24.46535 24.77314 8.62924 0.853
518 1.727341727341726 148.292 11.341038631677522 25.53848 24.46619 24.77324 8.64307 0.8536
517 1.7307317307317316 148.332 11.341236623238693 25.53801 24.4668 24.77357 8.6949 0.8546
516 1.7341067341067342 148.332 11.341236623238693 25.53738 24.46758 24.77421 8.58275 0.8548
515 1.737511737511737 148.252 11.340444114840118 25.53696 24.46797 24.77432 8.87209 0.8561
514 1.7409167409167403 148.275 11.340444114840118 25.53623 24.46863 24.77511 8.78055 0.8561
513 1.744336744336744 148.063 11.3386556655787 25.53585 24.46962 24.77501 8.69868 0.8543
512 1.747756747756748 148.064 11.338456493604605 25.53535 24.47006 24.77549 8.83829 0.8554
511 1.7511917511917514 147.99 11.337858429041095 25.53464 24.47087 24.77614 8.65332 0.854
510 1.7546417546417548 148.164 11.3392526340327 25.53403 24.47189 24.77661 8.38958 0.8573
509 1.7581067581067584 148.182 11.3392526340327 25.53354 24.47289 24.77675 8.16879 0.8581
508 1.7615717615717617 147.864 11.33645973384853 25.53309 24.47337 24.7771 8.32996 0.8557
507 1.7650517650517648 148.135 11.3386556655787 25.53263 24.47395 24.77809 8.42057 0.8583
506 1.7685317685317683 148.119 11.338456493604605 25.53203 24.47514 24.77882 8.08927 0.8586
505 1.7720417720417716 147.835 11.335858911319818 25.53199 24.47542 24.77933 8.69201 0.8557
504 1.7755517755517753 148.005 11.337259539750276 25.53153 24.47626 24.78024 8.70117 0.8576
503 1.7790617790617795 148.237 11.3392526340327 25.53131 24.47711 24.78039 8.6459 0.8588
502 1.7826017826017826 148.13 11.338257230246256 25.53108 24.47788 24.78082 8.72748 0.8575
501 1.7861417861417856 148.176 11.3386556655787 25.5308 24.47834 24.7817 9.12784 0.8594
500 1.789696789696789 148.136 11.338257230246256 25.53044 24.47935 24.78217 9.05076 0.8589
499 1.7932517932517937 148.027 11.337059726320524 25.53035 24.47979 24.78241 9.39436 0.859
498 1.7968217968217965 147.773 11.334855689617292 25.53007 24.48045 24.78292 9.63667 0.858
497 1.8004068004067997 147.783 11.334855689617292 25.52999 24.48133 24.78264 9.53273 0.8589
496 1.804006804006804 147.868 11.335457900689384 25.5296 24.48219 24.78329 9.48174 0.8614
495 1.8076068076068084 147.805 11.334855689617292 25.52936 24.48276 24.78351 9.68247 0.8627
494 1.8112218112218104 147.589 11.332842266994351 25.52917 24.48327 24.78401 9.90261 0.8629
493 1.8148518148518145 147.454 11.331629717629932 25.52913 24.48385 24.78403 10.15023 0.865
492 1.8184968184968193 147.475 11.331629717629932 25.52881 24.48468 24.78444 10.12884 0.8663
491 1.8221418221418233 147.666 11.333245698961964 25.52838 24.48542 24.78496 10.10842 0.8694
490 1.8258018258018254 147.372 11.330616667294438 25.52835 24.48603 24.78473 10.31143 0.869
489 1.82947682947683 147.304 11.330007700872759 25.52794 24.48656 24.7853 10.47706 0.8711
488 1.8331668331668327 147.277 11.32960124835652 25.52752 24.48787 24.78525 10.00704 0.8705
487 1.8368568368568363 147.158 11.328379603438737 25.52732 24.4884 24.78528 10.21605 0.8714
486 1.840561840561839 147.102 11.32797162362301 25.52673 24.48942 24.78575 9.97301 0.8714
485 1.844281844281845 147.057 11.32735893438633 25.52653 24.48973 24.78559 10.24787 0.8721
484 1.8480168480168477 147.042 11.32715451240943 25.52604 24.49056 24.78586 10.07052 0.8727
483 1.8517518517518519 146.958 11.32633586092875 25.52587 24.49103 24.7857 10.26059 0.8731
482 1.8555018555018563 146.859 11.325515663363149 25.52541 24.49133 24.78591 10.38312 0.8747
481 1.8592668592668593 146.87 11.325515663363149 25.52488 24.49241 24.78639 10.13534 0.8752
480 1.8630468630468644 146.803 11.324693913861775 25.52451 24.49301 24.7862 10.08613 0.8755
479 1.8668268668268664 146.72 11.324076579739486 25.52398 24.49337 24.78659 10.22535 0.8763
478 1.8706368706368712 146.681 11.323458366849467 25.5236 24.49421 24.78694 10.18992 0.8778
477 1.8744468744468743 146.634 11.323045735481701 25.52303 24.49499 24.78679 9.93949 0.8782
476 1.8782718782718768 146.542 11.32221929473392 25.52248 24.49539 24.78715 10.0072 0.8795
475 1.8821118821118827 146.485 11.321598430465343 25.52206 24.496 24.78715 10.02609 0.8805
474 1.8859518859518856 146.443 11.321184027302314 25.52133 24.49656 24.78741 9.85509 0.8808
473 1.88980688980689 146.391 11.320561680195237 25.52062 24.4976 24.78757 9.45412 0.8811
472 1.8936918936918947 146.351 11.320146286111054 25.51979 24.49864 24.78797 9.06157 0.8804
471 1.8975768975768998 146.291 11.319522449065454 25.51927 24.49913 24.78763 8.93944 0.8828
470 1.9014769014769008 146.212 11.318689269947745 25.51838 24.4998 24.78852 8.7203 0.8836
469 1.9053769053769063 146.177 11.318272080211626 25.51766 24.50066 24.78849 8.41989 0.8835
468 1.9093069093069093 146.136 11.317854489331468 25.51686 24.50145 24.78888 8.15287 0.8848
467 1.9132369132369131 146.152 11.318063334962762 25.51581 24.50233 24.78946 7.74898 0.8848
466 1.9171819171819169 146.016 11.316599302093861 25.51502 24.50305 24.78947 7.49755 0.8848
465 1.921141921141921 146.027 11.316808752053023 25.5139 24.50414 24.78987 7.0084 0.8851
464 1.9251169251169253 146.015 11.316599302093861 25.51286 24.50553 24.78963 6.15363 0.883
463 1.92910692910693 145.983 11.316180098893453 25.51184 24.50645 24.78985 5.76816 0.8821
462 1.933096933096933 146.059 11.316808752053023 25.51077 24.50791 24.79016 5.13704 0.8806
461 1.9371169371169374 146.086 11.317018101048111 25.51011 24.50941 24.78978 4.30235 0.88
460 1.941136941136942 146.198 11.317854489331468 25.50947 24.51037 24.78996 4.06411 0.8793
459 1.945186945186943 146.167 11.3174364965351 25.50924 24.51156 24.78946 3.54146 0.8793
458 1.9492369492369503 146.226 11.317854489331468 25.50887 24.51245 24.78932 3.32268 0.8781
457 1.953301953301953 146.267 11.318272080211626 25.50833 24.51385 24.78942 2.86171 0.8784
456 1.9573669573669576 146.264 11.318063334962762 25.50825 24.51398 24.78931 3.16378 0.877
455 1.9614619614619615 146.257 11.318063334962762 25.50787 24.51527 24.7893 2.80188 0.8765
454 1.9655719655719657 146.292 11.318272080211626 25.50746 24.51643 24.78902 2.54199 0.8763
453 1.9696969696969693 146.263 11.317854489331468 25.50694 24.51747 24.7892 2.25091 0.8764
452 1.9738219738219729 146.219 11.3174364965351 25.50694 24.51793 24.78904 2.58471 0.8762
451 1.9779619779619781 146.236 11.3174364965351 25.50665 24.51878 24.78912 2.64406 0.8756
450 1.982131982131981 146.215 11.31722734917642 25.50619 24.51998 24.78938 2.38867 0.8758
449 1.9863019863019855 146.191 11.317018101048111 25.50599 24.52085 24.78881 2.67432 0.8756
448 1.9904869904869908 146.124 11.316389751073196 25.5056 24.52193 24.7891 2.63833 0.8759
447 1.9946869946869934 146.123 11.316180098893453 25.5053 24.52287 24.78946 2.65635 0.8755
446 1.998901998901999 146.053 11.315550534421904 25.50495 24.52404 24.78931 2.87922 0.8761
445 2.003132003132003 146.002 11.31492005599242 25.50449 24.52534 24.78969 3.01324 0.8771
444 2.007377007377009 145.991 11.314709692955173 25.5046 24.5261 24.78922 3.56158 0.8762
443 2.0116370116370117 145.959 11.314499227973151 25.50437 24.52678 24.7896 3.65098 0.8759
442 2.015912015912014 145.912 11.313867220369154 25.5038 24.52838 24.78972 3.87946 0.8753
441 2.0202020202020208 145.889 11.313656346618032 25.50378 24.52912 24.78973 4.21391 0.8741
440 2.024507024507025 145.854 11.313234291694725 25.50296 24.53061 24.7898 4.37059 0.8726
439 2.0288120288120277 145.798 11.312811826212087 25.50272 24.53149 24.78951 4.76844 0.8716
438 2.0331470331470327 145.716 11.311965660368367 25.50213 24.53287 24.78985 4.89741 0.8708
437 2.037497037497037 145.694 11.311541958401195 25.502 24.53347 24.78971 5.10287 0.8686
436 2.0418620418620415 145.581 11.310480891462674 25.50136 24.53464 24.79002 5.09699 0.8682
435 2.046242046242047 145.56 11.310268366632448 25.50099 24.5357 24.78998 5.39598 0.8673
434 2.050622050622051 145.548 11.310055737750892 25.50081 24.53672 24.78946 5.87482 0.8668
433 2.055032055032054 145.443 11.308991029000165 25.50043 24.53764 24.78917 6.05324 0.8671
432 2.0594570594570603 145.397 11.308564413561239 25.49999 24.5384 24.78983 5.77692 0.866
431 2.063897063897065 145.278 11.307496037913213 25.49963 24.53946 24.79003 5.82264 0.8664
430 2.0683370683370677 145.176 11.306425027550688 25.49932 24.54047 24.78963 6.05926 0.8666
429 2.072807072807073 145.129 11.305995882770805 25.49897 24.54131 24.7898 5.95516 0.8678
428 2.077292077292077 145.035 11.305136318943639 25.49838 24.54243 24.79011 5.88006 0.8675
427 2.081792081792083 144.935 11.304059466217598 25.49798 24.54354 24.78984 6.02549 0.868
426 2.086307086307088 144.724 11.302114376956201 25.49757 24.54456 24.78979 5.94102 0.8687
425 2.0908370908370912 144.572 11.300812794118118 25.49737 24.54529 24.79027 5.60161 0.8689
424 2.0953820953820945 144.26 11.297760511099133 25.49685 24.54641 24.79001 5.2808 0.8689
423 2.0999570999571 143.774 11.293362554711445 25.4964 24.54739 24.78999 4.4162 0.8677
422 2.104532104532104 143.343 11.28936595152003 25.49601 24.54859 24.78978 3.74984 0.8672
421 2.1091221091221097 143.047 11.286680969354931 25.49607 24.54866 24.79 3.19357 0.8674
420 2.1137421137421137 142.888 11.285107029566811 25.49533 24.55022 24.78992 3.17279 0.8664
419 2.118362118362117 142.657 11.282848602834644 25.49505 24.55098 24.78954 2.92213 0.8663
418 2.1230121230121233 142.494 11.281260687055013 25.49457 24.55207 24.79003 2.95651 0.8663
417 2.127677127677128 142.391 11.280350693046005 25.49406 24.55316 24.78977 3.00057 0.8655
416 2.1323421323421323 142.307 11.27943878828702 25.49375 24.55387 24.79031 3.0156 0.8646
415 2.1370371370371366 142.16 11.278067330888662 25.49341 24.55471 24.79009 2.96622 0.8642
414 2.141762141762141 142.102 11.277379974667255 25.49324 24.55559 24.78985 3.02709 0.8646
413 2.1464871464871456 142.074 11.277150613963796 25.49283 24.55642 24.79035 3.14088 0.8639
412 2.151227151227151 141.965 11.276001989962051 25.49246 24.55731 24.79015 3.11663 0.8633
411 2.155997155997157 141.942 11.275771900164932 25.49198 24.55878 24.78983 3.42689 0.8647
410 2.160767160767161 141.914 11.27554168840131 25.49191 24.55861 24.7906 3.10563 0.8635
409 2.1655671655671664 141.834 11.274619619091238 25.49144 24.55987 24.79031 3.21966 0.8636
408 2.1703821703821706 141.804 11.27438879555038 25.49113 24.56071 24.79015 3.21278 0.8632
407 2.175227175227176 141.758 11.273926780100526 25.49092 24.56155 24.79003 3.25584 0.8638
406 2.18007218007218 141.655 11.27276958655176 25.49076 24.56218 24.78997 3.23601 0.8642
405 2.184932184932184 141.637 11.272537777375238 25.49028 24.56305 24.79025 3.24356 0.8632
404 2.189822189822189 141.585 11.27207378750001 25.48997 24.56355 24.79045 3.11453 0.8631
403 2.1947271947271942 141.557 11.271609301378833 25.48953 24.56467 24.79054 3.29037 0.8635
402 2.1996471996472016 141.464 11.270678836144706 25.48931 24.56519 24.79042 3.16369 0.8626
401 2.204597204597204 141.445 11.270445908017962 25.48927 24.5658 24.79025 3.17115 0.8622
400 2.2095472095472117 141.402 11.269979676645324 25.48904 24.56625 24.7905 3.08392 0.862
399 2.2145272145272137 141.358 11.269512944217917 25.48866 24.56727 24.79052 3.17036 0.8621
398 2.2195222195222186 141.268 11.268811903739781 25.48838 24.56795 24.79103 3.26399 0.8627
397 2.224547224547225 141.225 11.268343913951064 25.48818 24.56878 24.79048 3.25668 0.8618
396 2.2295722295722302 141.151 11.267406418752904 25.48796 24.56971 24.7902 3.31555 0.8625
395 2.234627234627235 141.105 11.266936911159172 25.4879 24.56983 24.79113 3.25077 0.8628
394 2.239697239697238 141.071 11.266701966884089 25.48786 24.57047 24.79035 3.20995 0.8619
393 2.2447972447972453 141.001 11.26599637049508 25.48731 24.57142 24.79061 3.16353 0.8618
392 2.249897249897249 140.995 11.26576091671761 25.48687 24.57237 24.79092 3.19711 0.8635
391 2.255027255027255 140.912 11.265053788504014 25.48658 24.57295 24.7907 3.05694 0.8641
390 2.2601872601872595 140.863 11.264345507050093 25.48686 24.57276 24.79068 2.99056 0.8654
389 2.2653472653472657 140.825 11.264109156305809 25.48633 24.57384 24.79062 2.90873 0.8658
388 2.2705372705372713 140.802 11.263636068588108 25.48603 24.57483 24.79042 3.1267 0.868
387 2.275757275757275 140.709 11.262925469331831 25.4862 24.57496 24.7905 3.25612 0.869
386 2.280977280977281 140.707 11.262688344301697 25.48568 24.57587 24.79091 3.13966 0.8696
385 2.2862272862272857 140.681 11.26245108973043 25.48536 24.57672 24.79093 3.22536 0.8717
384 2.291492291492292 140.601 11.26150077319828 25.48527 24.57735 24.79078 3.45727 0.8732
383 2.2967872967872975 140.525 11.260786668654976 25.48512 24.57743 24.7912 3.49357 0.8742
382 2.302097302097304 140.484 11.26030994579492 25.48487 24.5784 24.79075 3.76481 0.8758
381 2.307437307437307 140.441 11.259832699063484 25.48483 24.57851 24.79136 3.92023 0.8767
380 2.3127773127773126 140.397 11.259354927308035 25.48456 24.5791 24.79171 3.99923 0.8782
379 2.3181473181473193 140.369 11.259115844185066 25.48441 24.58009 24.7913 4.30816 0.8789
378 2.323547323547324 139.873 11.254548077108973 25.48973 24.57428 24.79372 9.42829 0.9331
377 2.328962328962329 140.29 11.258158193340794 25.48372 24.58143 24.7923 4.25967 0.8792
376 2.3344073344073344 140.202 11.257438566859813 25.48395 24.58218 24.79188 4.83247 0.8813
375 2.3398523398523396 140.136 11.256717745977488 25.48394 24.58228 24.79274 4.99717 0.8847
374 2.3453423453423454 140.137 11.256717745977488 25.48314 24.5839 24.79283 4.6369 0.8842
373 2.3508323508323503 140.041 11.255754786643044 25.48305 24.58439 24.79291 4.80706 0.8858
372 2.3563673563673553 139.933 11.254548077108973 25.48275 24.58534 24.79271 5.00248 0.8858
371 2.3619023619023616 139.901 11.254306332331286 25.48277 24.58612 24.79242 5.44833 0.8869
370 2.367482367482367 139.84 11.253580289562183 25.48228 24.58686 24.79275 5.43397 0.8861
369 2.373062373062373 139.823 11.253338005326107 25.48174 24.58751 24.79312 5.32799 0.8863
368 2.378672378672379 139.732 11.252610340567372 25.48131 24.58815 24.79338 5.37113 0.8879
367 2.3843123843123855 139.691 11.252124552505645 25.48087 24.58942 24.79314 5.51378 0.8884
366 2.3899673899673908 139.523 11.250420002308894 25.48077 24.58956 24.793 5.93133 0.8902
365 2.3956523956523945 139.482 11.249931756634195 25.4802 24.5907 24.79326 5.80558 0.891
364 2.401352401352401 139.347 11.248708735600918 25.47972 24.59148 24.7932 5.91102 0.8919
363 2.4070824070824073 139.26 11.247727832909723 25.47917 24.5921 24.79378 5.69885 0.8936
362 2.4128274128274105 139.138 11.246498580795802 25.47873 24.59308 24.79385 5.7406 0.8941
361 2.418602418602421 138.979 11.245018870737754 25.4785 24.59386 24.79357 5.99982 0.8948
360 2.424407424407425 138.9 11.244277120801843 25.47785 24.59482 24.79389 5.83739 0.8969
359 2.4302274302274305 138.81 11.243286146083447 25.4774 24.59552 24.79408 5.77788 0.8981
358 2.4360774360774355 138.663 11.241795431295198 25.47722 24.59648 24.79359 6.231 0.9003
357 2.441942441942444 138.519 11.2405492482826 25.47663 24.59691 24.79444 5.86626 0.9005
356 2.4478374478374474 138.418 11.239549720840474 25.47609 24.59794 24.79448 5.82654 0.9014
355 2.4537474537474533 138.259 11.237794993273923 25.4761 24.59822 24.79419 6.27394 0.9033
354 2.459702459702459 138.165 11.23704079137919 25.47548 24.59921 24.79454 6.07333 0.9044
353 2.465672465672466 138.024 11.23552844690755 25.47512 24.60006 24.79433 6.29292 0.906
352 2.4716574716574717 137.479 11.230448921378274 25.4747 24.60114 24.79413 6.50843 0.9019
351 2.4776724776724786 137.319 11.228656958108935 25.4745 24.6012 24.79417 6.56114 0.9032
350 2.4837174837174842 137.217 11.227629649571009 25.47392 24.60209 24.79453 6.39655 0.9038
349 2.48979248979249 137.09 11.22634208716363 25.47333 24.60306 24.79436 6.35914 0.906
348 2.495882495882496 137.46 11.229937685907935 25.47265 24.60388 24.79497 5.97851 0.9119
347 2.5020025020025014 136.938 11.224791956492682 25.4721 24.60444 24.79512 5.87108 0.9083
346 2.508152508152509 136.829 11.22375545365724 25.47174 24.60566 24.79469 6.16773 0.9098
345 2.514332514332514 136.706 11.222456336679247 25.47095 24.60621 24.79534 5.66914 0.9102
344 2.5205275205275206 136.57 11.221153321954706 25.4705 24.60706 24.79532 5.74396 0.9095
343 2.5267525267525275 136.537 11.220892249219519 25.47005 24.6077 24.79575 5.61933 0.9095
342 2.5330075330075332 136.332 11.218797998111738 25.46967 24.60825 24.7956 5.68514 0.9099
341 2.5392775392775384 136.136 11.216957207361096 25.46896 24.60929 24.79589 5.43254 0.9091
340 2.5455925455925454 135.931 11.214843848047698 25.46869 24.60998 24.79572 5.57563 0.9085
339 2.551922551922553 135.689 11.212453961040275 25.46825 24.61121 24.79541 5.64976 0.9081
338 2.5582825582825577 135.48 11.210318519826233 25.46733 24.61189 24.7961 5.06285 0.9081
337 2.5646725646725654 135.341 11.208978517276254 25.46688 24.61285 24.79572 5.20439 0.9083
336 2.571092571092572 135.229 11.207903530386051 25.46624 24.61401 24.79565 5.17316 0.9098
335 2.577542577542578 135.005 11.205745540942662 25.46563 24.615 24.79561 5.22637 0.9116
334 2.5840225840225832 134.904 11.20466251174822 25.46513 24.61606 24.79533 5.39303 0.9144
333 2.59051759051759 134.758 11.203304916138483 25.46445 24.61681 24.79527 5.25701 0.916
332 2.597057597057597 134.686 11.202488317060094 25.46373 24.61742 24.7956 4.9853 0.9172
331 2.6036126036126035 134.583 11.20139712432045 25.46318 24.61838 24.79534 5.05877 0.9192
330 2.6101976101976097 134.49 11.200303182981585 25.46267 24.61937 24.79514 5.22135 0.9218
329 2.616827616827617 134.296 11.198382130008294 25.46188 24.62024 24.79509 5.06787 0.9235
328 2.6234726234726238 134.329 11.198657086954423 25.46078 24.62105 24.7959 4.22093 0.9242
327 2.63014763014763 134.114 11.196452541703389 25.46004 24.62232 24.79592 4.20591 0.9252
326 2.636852636852638 134.024 11.195622943586937 25.45907 24.6235 24.79614 3.9435 0.9261
325 2.643587643587644 133.961 11.19506899646859 25.45847 24.62461 24.7958 4.26165 0.9265
324 2.6503676503676514 133.766 11.193124598354462 25.45796 24.62553 24.79547 4.47851 0.926
323 2.657162657162657 133.692 11.19228861256812 25.45692 24.62654 24.79597 3.96194 0.9255
322 2.663987663987663 133.553 11.19089171692217 25.45624 24.62731 24.79616 3.8113 0.9268
321 2.670857670857671 133.57 11.19089171692217 25.45569 24.62865 24.7956 4.32709 0.928
320 2.6777576777576795 133.437 11.189490313699368 25.45471 24.62998 24.79588 4.29201 0.9277
319 2.684672684672685 133.25 11.18780263871842 25.45394 24.63107 24.79612 4.29045 0.9283
318 2.6916326916326914 133.416 11.189209489582305 25.45315 24.63196 24.79661 3.95075 0.9304
317 2.6986226986226995 133.083 11.186108379813206 25.45288 24.63259 24.7962 4.16698 0.9285
316 2.7056427056427075 132.956 11.1846914308176 25.45171 24.63421 24.79668 4.28875 0.9274
315 2.7126927126927134 132.903 11.184123354239672 25.45131 24.63495 24.79654 4.53737 0.9292
314 2.719787719787719 132.672 11.181843587944773 25.45029 24.63662 24.79659 5.04987 0.9302
313 2.726897726897728 132.52 11.180125875164054 25.44968 24.63697 24.79691 4.72632 0.9305
312 2.7340527340527334 132.391 11.178976947293169 25.44877 24.63826 24.79732 4.98608 0.9313
311 2.7412377412377413 132.223 11.177247836255624 25.44815 24.64023 24.7966 6.08012 0.9331
310 2.748467748467749 132.046 11.175511813363448 25.44753 24.6409 24.79674 5.94485 0.933
309 2.755712755712756 131.831 11.173186268412275 25.44695 24.6419 24.79682 6.0709 0.9355
308 2.7630027630027625 131.632 11.171141151028381 25.44634 24.64252 24.79684 5.91796 0.9356
307 2.7703377703377714 131.114 11.165837624690129 25.4451 24.6442 24.79739 6.35876 0.9366
306 2.7776877776877784 130.782 11.16256440652302 25.44475 24.64453 24.79723 6.01928 0.9366
305 2.785082785082784 130.51 11.159867847092567 25.44376 24.64619 24.79722 6.62122 0.9408
304 2.792507792507793 130.24 11.157154439906282 25.44362 24.64669 24.7967 6.45359 0.9404
303 2.7999777999778 129.925 11.153814864344529 25.44278 24.64775 24.79698 6.57456 0.9416
302 2.8074778074778064 129.551 11.150142161848558 25.44196 24.64897 24.79706 6.83122 0.9399
301 2.815007815007815 129.485 11.149527013754348 25.44143 24.64976 24.79692 6.84738 0.9442
300 2.8225828225828247 129.232 11.14674801363064 25.44093 24.65068 24.7966 6.94925 0.946
299 2.8302028302028313 128.988 11.14426277376199 25.44046 24.65113 24.7968 6.66229 0.9469
298 2.8378528378528394 128.671 11.141136090120739 25.43977 24.65221 24.7969 6.67772 0.948
297 2.8455328455328455 128.345 11.137670537236755 25.43943 24.65261 24.79675 6.31273 0.9488
296 2.8532578532578543 127.882 11.132899769944483 25.43885 24.65381 24.79659 6.12185 0.9491
295 2.8610128610128616 127.447 11.128399268717807 25.43848 24.65407 24.79705 5.12103 0.9479
294 2.8688128688128693 126.873 11.122543524068755 25.43782 24.65509 24.79728 4.69471 0.9488
293 2.8766428766428755 126.541 11.118925752825776 25.43777 24.65545 24.79699 4.72658 0.9491
292 2.884532884532884 126.208 11.1156105116743 25.43735 24.65553 24.79747 4.24173 0.9497
291 2.892437892437893 126.038 11.113609151073028 25.4367 24.65646 24.79807 3.95598 0.9469
290 2.9004029004029 125.662 11.109915863023794 25.43614 24.6574 24.79823 4.06179 0.9454
289 2.908397908397911 125.276 11.105510184769974 25.43589 24.658 24.79824 4.24415 0.9458
288 2.916422916422917 125.055 11.103461622094704 25.43552 24.65817 24.79896 3.80882 0.9454
287 2.9245079245079246 124.743 11.100025730107863 25.43485 24.65918 24.79944 3.78842 0.9428
286 2.9326229326229334 124.405 11.096562438374136 25.43429 24.65956 24.79989 3.79812 0.9432
285 2.940782940782941 124.324 11.095518042323151 25.4339 24.66014 24.80007 3.97286 0.9432
284 2.9489729489729486 124.004 11.092018470752796 25.4306 24.66043 24.80091 3.88649 0.9568
283 2.957222957222957 123.736 11.08919836680515 25.43286 24.66183 24.80101 4.00599 0.942
282 2.965502965502964 123.559 11.087426457036285 25.43246 24.66217 24.80108 4.43337 0.943
281 2.973827973827974 123.319 11.084933574936716 25.43174 24.66315 24.80167 4.27322 0.9426
280 2.9821979821979823 123.045 11.081707270097349 25.42956 24.6622 24.80268 4.76581 0.9545
279 2.9906129906129917 122.663 11.077731179652393 25.43094 24.6644 24.80216 4.83197 0.9395
278 2.9990729990729994 122.434 11.075181854618691 25.43037 24.66521 24.80223 5.08099 0.9388
277 3.007563007563008 122.269 11.073351702386901 25.42996 24.66587 24.80261 5.23798 0.9404
276 3.0161130161130156 122.019 11.070776462843435 25.42971 24.66666 24.80285 5.46602 0.9395
275 3.0247080247080236 121.672 11.06707085604537 25.42914 24.66737 24.80329 5.5727 0.9415
274 3.033333033333032 121.554 11.065579714728448 25.42856 24.66842 24.80371 5.49329 0.9441
273 3.042018042018041 121.377 11.063708559391417 25.42844 24.66869 24.8039 5.98172 0.9459
272 3.0507480507480507 121.189 11.0618293072947 25.42772 24.6698 24.80453 5.78903 0.9475
271 3.059508059508059 121.037 11.059941888061955 25.42739 24.67063 24.80464 6.03257 0.9504
270 3.0683280683280687 120.767 11.056904851336473 25.42701 24.6711 24.80516 6.25192 0.9519
269 3.0771930771930753 120.5 11.054229909863396 25.42644 24.67202 24.80582 6.06696 0.9531
268 3.086118086118087 120.148 11.050379756261458 25.4262 24.67305 24.80606 6.03593 0.9544
267 3.0950730950730962 119.809 11.046495164334708 25.42579 24.67385 24.80646 5.94006 0.9563
266 3.1040881040881043 119.444 11.042575512440191 25.42528 24.67498 24.80703 5.51627 0.9572
265 3.113148113148114 119.103 11.038620161949703 25.42463 24.67583 24.80785 4.91973 0.9596
264 3.122253122253123 118.433 11.031408464251625 25.42492 24.67645 24.80766 4.84557 0.96
263 3.1314031314031325 118.125 11.027757204690554 25.42423 24.67732 24.80871 4.20049 0.9604
262 3.14061314061314 117.787 11.024074987307426 25.42392 24.67837 24.80914 3.96748 0.9631
261 3.1498681498681496 117.576 11.021602716028243 25.42368 24.67936 24.80935 3.96161 0.9634
260 3.1591831591831596 117.326 11.018700498666243 25.42312 24.6804 24.80997 3.62927 0.9659
259 3.1685431685431693 117.016 11.015359755409214 25.42287 24.6812 24.81044 3.54128 0.9676
258 3.177963177963176 116.771 11.012415374762433 25.42283 24.68163 24.81065 3.80921 0.9708
257 3.1874281874281882 116.544 11.00987563371216 25.42243 24.68286 24.81115 3.58113 0.9719
256 3.1969381969381967 116.37 11.008174184006426 25.42184 24.68394 24.81177 3.26347 0.9707
255 3.2065082065082064 116.165 11.00560944536028 25.42165 24.68444 24.81229 3.28068 0.9716
254 3.2161382161382157 116.003 11.00389116623691 25.42117 24.68563 24.81267 3.04206 0.9697
253 3.2258132258132255 115.789 11.001300933020419 25.42088 24.68681 24.81306 2.87042 0.9706
252 3.2355482355482366 115.424 10.997167871445834 25.42069 24.68736 24.81359 2.76736 0.9694
251 3.2453432453432454 115.089 10.99334803992326 25.42023 24.68833 24.8143 2.47533 0.967
250 3.2551832551832556 114.919 10.99135900263795 25.42005 24.68925 24.81463 2.53829 0.966
249 3.2650832650832653 114.734 10.989227273730537 25.41923 24.6904 24.81557 1.95528 0.9658
248 3.2750432750432736 114.492 10.986413405465468 25.4195 24.69081 24.81585 2.31219 0.967
247 3.2850632850632833 114.3 10.984212166761434 25.41887 24.69223 24.81659 1.8973 0.9652
246 3.295128295128295 114.145 10.982406928863794 25.41844 24.69328 24.81725 1.61432 0.9654
245 3.3052683052683056 113.964 10.980276141077841 25.41837 24.69415 24.81751 1.88392 0.9675
244 3.3154533154533157 113.866 10.979092900638326 25.41788 24.69478 24.81875 1.28285 0.9656
243 3.325713325713325 113.694 10.977083120315852 25.41751 24.69597 24.81935 1.20088 0.9655
242 3.336018336018335 113.516 10.975017997632882 25.41718 24.69723 24.81987 1.22864 0.9638
241 3.3463833463833446 113.308 10.972573080926555 25.41704 24.69793 24.8206 1.28443 0.9629
240 3.356823356823356 113.244 10.971785937879114 25.41698 24.699 24.82107 1.47286 0.9623
239 3.3673083673083672 112.799 10.966610986681934 25.41648 24.70023 24.82186 1.54316 0.9591
238 3.377868377868377 112.832 10.966939163021113 25.41651 24.70125 24.82255 1.89232 0.9618
237 3.3884883884883896 112.787 10.966376423088922 25.41619 24.70241 24.82317 2.0701 0.9629
236 3.399168399168399 113.176 10.970811610872518 25.41608 24.70354 24.82345 2.29537 0.9675
235 3.409923409923409 113.082 10.969695411118472 25.41566 24.70472 24.82421 2.38748 0.9664
234 3.420738420738421 112.957 10.96820266814285 25.41528 24.70562 24.8249 2.41265 0.9635
233 3.4316134316134326 112.558 10.963551733574096 25.41529 24.70646 24.82527 2.73881 0.9548
232 3.4425634425634417 112.423 10.961942883141388 25.41503 24.70744 24.82581 2.92944 0.9529
231 3.453573453573455 112.773 10.965953889102064 25.41479 24.70838 24.82633 3.07462 0.9564
230 3.4646434646434656 112.327 10.960756090901773 25.41457 24.7093 24.82679 3.23531 0.9534
229 3.4757884757884767 112.51 10.962842681201243 25.41411 24.71023 24.82745 3.16972 0.9573
228 3.487008487008488 112.145 10.958563883221968 25.41397 24.71117 24.82785 3.35843 0.951
227 3.498288498288499 112.143 10.95851610342304 25.41349 24.71212 24.82842 3.28317 0.9499
226 3.5096435096435092 112.396 10.961373627594801 25.41309 24.71295 24.82914 3.20719 0.9521
225 3.5210735210735224 111.929 10.95592815689695 25.41273 24.71381 24.82965 3.13522 0.9445
224 3.5325785325785324 111.919 10.955783928916912 25.41262 24.71462 24.83007 3.20556 0.9423
223 3.5441435441435454 112.104 10.957894487212899 25.41216 24.71529 24.831 2.90541 0.9449
222 3.555783555783557 112.059 10.95731989685534 25.41193 24.71644 24.83091 2.99952 0.9444
221 3.5674985674985695 112.055 10.957224057843167 25.41168 24.71702 24.83169 2.71723 0.9429
220 3.579303579303579 111.675 10.952744024014898 25.41105 24.71811 24.83238 2.42364 0.9374
219 3.59116859116859 111.675 10.952695599586917 25.41068 24.7191 24.83301 2.25279 0.9377
218 3.6031086031086037 111.588 10.951677437343301 25.41036 24.71979 24.83364 2.03107 0.9377
217 3.6151236151236166 111.426 10.949731452315707 25.41011 24.72084 24.83403 1.99251 0.9353
216 3.627228627228628 111.595 10.951677437343301 25.4098 24.72165 24.83457 1.73946 0.9399
215 3.6394086394086393 111.493 10.95041353936938 25.40927 24.72247 24.83534 1.57254 0.938
214 3.651663651663652 111.127 10.946108230436906 25.40918 24.72318 24.83596 1.59386 0.9312
213 3.6639936639936614 111.039 10.945025201242462 25.409 24.72397 24.83649 1.68904 0.9294
212 3.6764136764136754 110.953 10.943988875073773 25.40842 24.72503 24.83712 1.62585 0.9274
211 3.6889086889086897 110.904 10.94334609835659 25.40824 24.72564 24.83776 1.7392 0.9264
210 3.7014937014937006 111.104 10.945665499432135 25.40845 24.72666 24.83804 2.16149 0.9306
209 3.7141537141537135 110.808 10.94215692846749 25.4079 24.72714 24.83868 1.94247 0.9263
208 3.7269037269037275 110.618 10.93986854445951 25.40765 24.72831 24.83923 2.149 0.9231
207 3.73974373974374 110.544 10.93896979722289 25.40721 24.72897 24.84003 2.18594 0.9207
206 3.7526737526737524 110.391 10.937116510767053 25.40709 24.72976 24.84045 2.20577 0.9183
205 3.765678765678765 110.24 10.935305690289924 25.40685 24.73028 24.8413 2.26451 0.9187
204 3.778773778773778 110.175 10.934498451243568 25.40643 24.73133 24.84175 2.23925 0.9178
203 3.791958791958792 110.386 10.93696589710787 25.40661 24.73201 24.84214 2.62898 0.9175
202 3.8052338052338053 110.059 10.933082162369791 25.40636 24.73255 24.84289 2.76332 0.9115
201 3.8186138186138185 109.952 10.931762888481177 25.40657 24.73332 24.84337 3.24619 0.9106
200 3.832068832068834 109.913 10.931254406416414 25.40602 24.7338 24.8442 3.29144 0.9071
199 3.8456288456288457 109.814 10.930031614950973 25.40584 24.73458 24.84481 3.5316 0.9043
198 3.8592788592788603 109.761 10.9293678292401 25.40561 24.73517 24.84548 3.75956 0.9001
197 3.873018873018876 109.698 10.928600659844525 25.40553 24.73581 24.84617 4.08163 0.8959
196 3.8868488868488855 109.515 10.926393900269682 25.40517 24.73646 24.84707 4.30989 0.8929
195 3.9007989007988995 109.558 10.926856708949693 25.40506 24.73764 24.84792 4.61714 0.8916
194 3.914838914838916 109.461 10.925672993921241 25.40488 24.73846 24.84866 4.87113 0.8905
193 3.9289689289689287 109.52 10.926290986884863 25.40481 24.73946 24.84941 5.184 0.8887
192 3.943203943203944 109.578 10.926959488380275 25.40468 24.74046 24.85012 5.41279 0.8901
191 3.957543957543959 109.485 10.925827574624742 25.40429 24.74151 24.85116 5.6424 0.8884
190 3.9719889719889725 109.434 10.925208921412004 25.40431 24.7428 24.85177 5.94421 0.8879
189 3.986538986538987 109.513 10.926085086925145 25.40406 24.74372 24.85261 6.18723 0.8898
188 4.0011940011939995 109.493 10.925827574624742 25.40413 24.74481 24.85326 6.5065 0.8929
187 4.015954015954018 109.304 10.923503066942105 25.40409 24.74569 24.85416 6.79476 0.892
186 4.030819030819032 109.223 10.92251786024461 25.404 24.74684 24.85488 7.06307 0.8939
185 4.0458040458040445 109.202 10.922258223432967 25.40379 24.74792 24.85578 7.36389 0.8964
184 4.06089406089406 109.162 10.9217384836846 25.40387 24.74894 24.85643 7.63676 0.8973
183 4.076089076089076 109.084 10.920749261275708 25.40381 24.75 24.85718 7.76048 0.8971
182 4.091404091404091 109.112 10.921061890790279 25.40637 24.75085 24.8593 10.52777 0.9168
181 4.106839106839105 108.907 10.918554530550274 25.40353 24.75204 24.8585 7.9578 0.8952
180 4.122379122379122 108.726 10.91634865227546 25.40351 24.75317 24.8592 8.20619 0.8958
179 4.138039138039139 108.651 10.915452601688479 25.40318 24.75415 24.85988 8.18253 0.8966
178 4.153834153834154 108.566 10.914396052129787 25.4033 24.75528 24.86042 8.39421 0.898
177 4.16973416973417 108.554 10.914184433423246 25.40111 24.74833 24.85516 7.11428 0.9452
176 4.1857541857541865 108.349 10.911690158753862 25.40145 24.75124 24.85676 6.23788 0.9346
175 4.2019092019092 107.851 10.905687967711852 25.40281 24.75805 24.86205 7.88218 0.9025
174 4.218184218184218 107.599 10.90260113066653 25.40255 24.75871 24.86232 7.49478 0.9022
173 4.234579234579235 107.271 10.898560644939712 25.40573 24.75655 24.86418 10.56543 0.9273
172 4.251109251109251 107.081 10.896250562461638 25.40164 24.76035 24.86345 6.90127 0.8945
171 4.267774267774268 107.073 10.896085085423286 25.4009 24.76079 24.86429 6.33734 0.8985
170 4.284559284559285 106.98 10.894924977359544 25.39998 24.76144 24.86496 5.70948 0.9044
169 4.301479301479302 106.753 10.892150277901363 25.40116 24.75689 24.86596 8.26924 0.945
168 4.31854931854932 106.574 10.889917683436206 25.39935 24.76302 24.86654 5.54127 0.9251
167 4.335739335739336 106.266 10.886095732437747 25.3995 24.75934 24.86737 7.2311 0.9739
166 4.3530793530793535 106.061 10.883547879268043 25.39624 24.7639 24.86868 4.73493 0.9451
165 4.370554370554369 105.952 10.88218288763027 25.39431 24.76717 24.87086 5.89268 0.9192
164 4.388164388164388 105.628 10.878176980491506 25.39299 24.76981 24.87256 7.41481 0.9179
163 4.405924405924405 105.432 10.875697761980208 25.39184 24.77224 24.87379 8.71137 0.9247
162 4.423834423834426 105.108 10.871689665685516 25.3909 24.77451 24.87458 9.6462 0.9361
161 4.441894441894442 104.924 10.869349080759093 25.39015 24.77637 24.8751 10.17675 0.9466
160 4.460089460089462 104.556 10.86474833562966 25.38947 24.77808 24.87551 10.63466 0.9584
159 4.47844947844948 104.289 10.861414918635997 25.38875 24.7798 24.8752 10.68155 0.9725
158 4.496959496959495 103.947 10.857091154673514 25.38851 24.78092 24.87507 10.37629 0.9872
157 4.515634515634516 103.572 10.852296965826925 25.38806 24.78149 24.87475 9.61114 1.0008
156 4.534444534444534 103.088 10.846213363879388 25.38743 24.78188 24.87337 8.30153 1.0089
155 4.5534345534345535 102.497 10.838660225988942 25.38734 24.78157 24.87207 6.5352 1.0106
154 4.572589572589573 102.016 10.832508912706237 25.38729 24.7796 24.87042 4.04155 0.9997
153 4.591894591894594 101.892 10.830909299546443 25.38708 24.77662 24.87032 2.58836 0.9803
152 4.611379611379612 101.433 10.824971461123694 25.38698 24.7741 24.87135 3.85003 0.9701
151 4.631014631014634 100.92 10.818357877958356 25.38659 24.77227 24.87308 5.49667 0.9642
150 4.650844650844651 100.586 10.813981075636471 25.38596 24.77052 24.87517 7.41756 0.9622
149 4.670839670839671 100.052 10.807061239917239 25.38526 24.76899 24.87717 9.41665 0.9637
148 4.690999690999693 99.677 10.802089257881732 25.38441 24.76764 24.87923 11.25456 0.9597
147 4.711354711354711 99.016 10.793441132977664 25.38373 24.76648 24.88113 12.80626 0.9551
146 4.731889731889733 98.671 10.788875115775417 25.38334 24.76558 24.88313 14.10909 0.9595
145 4.752604752604753 98.365 10.784759894664004 25.38289 24.76539 24.885 14.84014 0.9585
144 4.7734997734997755 97.731 10.776337909620175 25.3824 24.76489 24.88718 15.75269 0.9616
143 4.794589794589795 97.337 10.77099920516394 25.38181 24.76447 24.889 16.40222 0.9662
142 4.815874815874814 96.91 10.765295929698057 25.38113 24.76396 24.89112 17.02558 0.9759
141 4.8373548373548365 96.347 10.75762374590839 25.38075 24.76379 24.89318 17.14575 0.9796
140 4.859029859029858 95.56 10.746945409615105 25.38007 24.76383 24.89518 16.89723 0.9829
139 4.880914880914881 94.344 10.730216840568694 25.37978 24.76391 24.89706 15.68893 0.9831
138 4.902994902994903 91.651 10.69240623483363 25.3791 24.76374 24.89901 11.70878 0.9524
137 4.9252849252849265 89.645 10.66360670812452 25.37883 24.76407 24.90111 8.52774 0.931
136 4.947784947784948 88.122 10.641275757231913 25.37845 24.76416 24.90325 6.63891 0.9216
135 4.970494970494973 86.775 10.621176281775035 25.37786 24.76439 24.9053 5.16204 0.9101
134 4.993429993429993 85.835 10.606918525948291 25.37761 24.76463 24.90711 4.20024 0.9041
133 5.016575016575016 85.057 10.595055089759304 25.37731 24.76483 24.9092 3.87468 0.9008
132 5.039945039945041 84.368 10.584444307165176 25.37727 24.76526 24.91128 3.57358 0.8973
131 5.063555063555062 83.732 10.574494268285328 25.37707 24.76502 24.91295 3.31069 0.8946
130 5.087375087375089 83.104 10.564666064252089 25.37688 24.76528 24.91466 3.24307 0.8925
129 5.111450111450113 82.511 10.555336327995267 25.37689 24.76558 24.91658 3.10865 0.8922
128 5.135750135750133 81.792 10.543943942482906 25.37681 24.76551 24.91847 2.95727 0.8906
127 5.1602901602901605 81.215 10.534660575828445 25.37708 24.76621 24.92022 2.88396 0.8925
126 5.185085185085187 80.708 10.526468512469478 25.37702 24.76563 24.92202 2.3006 0.8906
125 5.210135210135213 80.25 10.519040038648345 25.37714 24.76594 24.92379 2.27607 0.8921
124 5.235425235425236 79.746 10.510813010512496 25.37741 24.76562 24.92592 2.12493 0.8916
123 5.260970260970263 79.348 10.504198918539444 25.37747 24.76535 24.92796 2.20285 0.8905
122 5.286785286785285 78.948 10.497620649781288 25.37745 24.76562 24.93012 2.71496 0.8926
121 5.312870312870313 78.682 10.493179120682516 25.3774 24.76512 24.93181 2.63344 0.8924
120 5.33922533922534 78.367 10.487986331129393 25.37722 24.76487 24.93358 2.76006 0.8891
119 5.365850365850369 78.128 10.484014962667564 25.37664 24.76439 24.93568 2.80214 0.8897
118 5.392760392760394 77.853 10.47928731647617 25.37605 24.76453 24.93738 2.71841 0.8857
117 5.41994041994042 77.414 10.471878199307291 25.37593 24.76328 24.94239 5.39202 0.9101
116 5.447420447420447 77.255 10.469232742506613 25.37508 24.76461 24.94117 3.12254 0.8864
115 5.475200475200475 76.961 10.464191370641 25.37439 24.76465 24.94262 3.01595 0.8838
114 5.5032805032805046 76.669 10.459241664878082 25.37376 24.76447 24.94409 3.12393 0.8835
113 5.531660531660533 76.348 10.453776859690443 25.37341 24.76444 24.94568 3.44393 0.8832
112 5.5603555603555606 76.03 10.448242412634439 25.37283 24.76423 24.94711 3.69592 0.8822
111 5.589350589350584 75.633 10.441538038702161 25.37238 24.76429 24.94872 3.9743 0.8852
110 5.618690618690619 75.321 10.436003535669897 25.37182 24.76464 24.95006 3.90432 0.8834
109 5.648345648345648 74.928 10.429267666433168 25.37114 24.76481 24.95145 4.00565 0.8842
108 5.678330678330682 74.556 10.422753941301348 25.37067 24.76505 24.95266 4.07016 0.8861
107 5.708660708660709 74.104 10.414806279501013 25.37009 24.76545 24.954 3.98628 0.8897
106 5.739320739320738 73.594 10.405687786672777 25.36915 24.76604 24.95553 3.67223 0.8914
105 5.770355770355771 72.923 10.393750640348081 25.3687 24.76623 24.957 3.62202 0.8978
104 5.801735801735803 72.114 10.379305517750582 25.36794 24.76672 24.95865 3.35306 0.9022
103 5.833475833475832 71.417 10.36660971039243 25.36726 24.76736 24.96015 3.34735 0.9094
102 5.865590865590862 70.809 10.355451520126518 25.36655 24.76771 24.96175 3.42586 0.9166
101 5.898095898095899 70.181 10.343802333161655 25.36606 24.76809 24.96306 3.62916 0.9242
100 5.930975930975935 69.604 10.333044029823487 25.36632 24.76897 24.96674 2.08275 0.9365
