0 0.0625 15.0 0.26891636244753325 0.0
1 0.06354007260350115 14.73809973809974 0.27568353914248866 6.767176694955412
2 0.06457160025826084 14.486684486684487 0.2824502105814764 6.766671438987737
3 0.0655950007113785 14.245064245064246 0.2892173445869346 6.767134005458198
4 0.0666104740145953 14.012654012654012 0.2959845816274228 6.767237040488205
5 0.06761821823247288 13.78891378891379 0.3027516287573394 6.7670471299166035
6 0.06861848011424164 13.573333573333574 0.3095186001561933 6.766971398853904
7 0.06961147153646732 13.365448365448366 0.31628545477028036 6.766854614087048
8 0.070597422104315 13.164823164823165 0.3230523471505715 6.766892380291156
9 0.07157656635272437 12.971052971052972 0.32981954030684735 6.76719315627583
10 0.07254905118804994 12.783777783777785 0.33658675802789134 6.767217721043995
11 0.07351499200082572 12.602667602667603 0.34335355647731347 6.766798449422129
12 0.074474623826437 12.427392427392428 0.3501203845445196 6.7668280672061325
13 0.07542813618623949 12.257652257652259 0.35688743350335334 6.767048958833732
14 0.07637565679311738 12.093177093177093 0.3636545079905784 6.767074487225077
15 0.07731732430142374 11.933711933711935 0.37042153501931113 6.76702702873272
16 0.07825328171115682 11.77901677901678 0.3771885171841727 6.766982164861545
17 0.07918366939708067 11.62886662886663 0.38395548140667857 6.766964222505889
18 0.08010871404236665 11.483036483036484 0.39072312960897 6.76764820229142
19 0.08102833815006771 11.341361341361342 0.3974899741034825 6.766844494512537
20 0.08194282368205694 11.203631203631204 0.4042571975760621 6.767223472579575
21 0.08285212769447817 11.06969606969607 0.4110236201780478 6.766422601985678
22 0.08375657667767313 10.93936093936094 0.4177908410828071 6.767220904759341
23 0.08465615049982311 10.812490812490813 0.42455791154385514 6.76707046104802
24 0.08555098826889455 10.68893568893569 0.43132509985455164 6.767188310696504
25 0.086441177713817 10.568560568560569 0.43809231713433655 6.7672172797849095
26 0.08732674574635362 10.451245451245452 0.44485903413450745 6.766717000170896
27 0.08820788219366871 10.336855336855338 0.45162599140013426 6.766957265626816
28 0.08908471510545993 10.225270225270226 0.4583934914406491 6.767500040514851
29 0.08995717944019412 10.116400116400117 0.4651603651241999 6.766873683550778
30 0.09082536635129342 10.010140010140011 0.4719266635904801 6.766298466280185
31 0.09168953635214099 9.906369906369907 0.47869379048709193 6.7671268966118525
32 0.0925497471584654 9.804999804999806 0.4854615976453914 6.767807158299444
33 0.09340583127583432 9.705969705969707 0.49222816958692495 6.766571941533572
34 0.09425803955900766 9.609174609174609 0.4989949042081625 6.766734621237558
35 0.09510653559451249 9.514524514524515 0.5057625458721743 6.767641664011781
36 0.09595110863940808 9.421974421974422 0.5125288641322766 6.766318260102322
37 0.09679212196516468 9.331419331419331 0.5192962351418999 6.767371009623324
38 0.09762941866309265 9.242814242814243 0.5260628799887038 6.766644846803893
39 0.09846329171581221 9.156069156069156 0.5328306638270002 6.767783838296348
40 0.09929348642021205 9.071154071154071 0.5395970253303622 6.766361503362073
41 0.10012035479885852 8.987978987978988 0.5463643506466929 6.767325316330619
42 0.10094383590392116 8.906498906498907 0.5531316788080856 6.767328161392694
43 0.10176388536531082 8.826668826668827 0.5598981834482345 6.76650464014894
44 0.10258079168651607 8.748413748413748 0.5666658011373098 6.7676176890753
45 0.1033944001950434 8.671703671703671 0.573432818513727 6.7670173764171615
46 0.10420472748144008 8.596493596493596 0.5801989399643069 6.766121450579976
47 0.10501213994057776 8.522708522708523 0.5869668149248256 6.767874960518672
48 0.10581637201010251 8.450333450333451 0.5937338171496689 6.767002224843277
49 0.10661749889170999 8.37932337932338 0.6005001746348589 6.766357485190055
50 0.10741578942789111 8.30961830961831 0.6072677741933997 6.767599558540782
51 0.10821101688807745 8.241203241203241 0.6140343161738118 6.766541980412044
52 0.10900349018624246 8.174018174018174 0.6208020595887018 6.7677434148900595
53 0.10979300813270561 8.10804810804811 0.6275689258474022 6.766866258700377
54 0.11057973807835887 8.043248043248044 0.6343359912146967 6.767065367294545
55 0.11136368419944856 7.97958797958798 0.6411029452440234 6.766954029326699
56 0.11214486349657493 7.917037917037917 0.647869592968909 6.766647724885555
57 0.11292349741585611 7.8555528555528555 0.6546375251856859 6.767932216776851
58 0.11369924972064066 7.795132795132796 0.6614034902312192 6.765965045533395
59 0.11447256313139553 7.735717735717736 0.6681710284452632 6.767538214043967
60 0.11524311885530278 7.677307677307677 0.6749370377706706 6.766009325407385
61 0.11601139882740201 7.61984261984262 0.6817054479871362 6.76841021646557
62 0.116776898330077 7.563337563337564 0.6884715127658635 6.766064778727321
63 0.11754013176732106 7.507732507732508 0.695239482282419 6.767969516555561
64 0.11830081063345535 7.453027453027453 0.7020065143432851 6.767032060866041
65 0.11905906573781452 7.399192399192399 0.7087734847843473 6.766970441062226
66 0.11981482839384226 7.346212346212346 0.7155394982038863 6.766013419538974
67 0.12056847126500805 7.294042294042295 0.7223076239346338 6.768125730747476
68 0.12131951114496736 7.242697242697243 0.7290732535055899 6.7656295709561665
69 0.12206856622635272 7.192117192117192 0.7358416948664356 6.768441360845645
70 0.12281516213644064 7.142317142317142 0.7426084090538889 6.766714187453338
71 0.12355949562469208 7.093267093267094 0.7493749176667311 6.766508612842226
72 0.12430178066207917 7.044937044937045 0.7561429233431084 6.768005676377253
73 0.1250417796263973 6.997326997326998 0.7629100182286583 6.76709488554994
74 0.12577948770969663 6.95042195042195 0.76967590950459 6.765891275931635
75 0.12651514691459612 6.904191904191904 0.776442579546727 6.766670042137046
76 0.12724877440220372 6.858621858621859 0.7832099614411011 6.7673818943740915
77 0.12798039440781428 6.813696813696814 0.7899780575606236 6.768096119522449
78 0.12870978989521595 6.76941676941677 0.7967446333050402 6.766575744416636
79 0.1294372425490671 6.725751725751726 0.8035120794765435 6.767446171503266
80 0.13016254454492135 6.682701682701683 0.810278245109105 6.766165632561494
81 0.13088599831235426 6.64023664023664 0.8170457393715861 6.767494262481133
82 0.1316074057667001 6.598356598356599 0.8238125029674163 6.766763595830172
83 0.13232682800763632 6.557046557046557 0.8305788991633773 6.7663961959610885
84 0.13304433414171152 6.516291516291517 0.8373453747564122 6.766475593034893
85 0.13376000141250702 6.476076476076476 0.844112462196545 6.7670874401327685
86 0.13447391532895242 6.436386436386437 0.8508807816984894 6.768319501944342
87 0.13518589566288064 6.397221397221397 0.8576484342486754 6.767652550186076
88 0.13589575915116162 6.358581358581359 0.8644134755773694 6.765041328693933
89 0.13660415927295913 6.320421320421321 0.8711819500126462 6.768474435276839
90 0.13731065014048952 6.282756282756283 0.8779494229856601 6.767472973013944
91 0.13801534290498296 6.245571245571246 0.8847167740464742 6.767351060814053
92 0.13871806897596414 6.208866208866209 0.891482198389328 6.765424342853765
93 0.1394192402089952 6.172611172611173 0.89824948551557 6.767287126242083
94 0.14011870027445078 6.136806136806137 0.9050169615435295 6.767476027959463
95 0.1408162903206728 6.101451101451102 0.9117829144551605 6.765952911630957
96 0.1415124497824881 6.0665160665160665 0.9185514425179593 6.768528062798818
97 0.14220672925759908 6.032016032016032 0.9253180134069926 6.766570889033319
98 0.14289927777203798 5.997935997935998 0.9320839072648319 6.765893857839322
99 0.1435902538879254 5.964260964260965 0.9388505129114657 6.766605646633783
100 0.14427982580790652 5.930975930975931 0.9456193297786383 6.768816867172567
101 0.1449675410102711 5.898095898095899 0.9523857594227452 6.766429644106897
102 0.14565388756440822 5.865590865590866 0.9591544497730685 6.7686903503233475
103 0.14633841172031364 5.833475833475834 0.9659207741114669 6.766324338398411
104 0.14702129414447415 5.801735801735802 0.9726863581668486 6.765584055381635
105 0.14770272551680866 5.770355770355771 0.9794529447050417 6.766586538193176
106 0.14838290662818202 5.73932073932074 0.9862223954086093 6.769450703567603
107 0.14906104860975092 5.708660708660709 0.9929867081571176 6.764312748508305
108 0.14973801810154763 5.678330678330679 0.9997543801319594 6.767671974841738
109 0.1504133588855803 5.648345648345648 1.0065207178563798 6.766337724420368
110 0.15108728562959042 5.618690618690619 1.0132877323424616 6.767014486081857
111 0.1517600234560527 5.589350589350589 1.0200575597247594 6.769827382297811
112 0.15243076244876605 5.5603555603555606 1.0268219070751423 6.764347350382893
113 0.15310042448666142 5.531660531660532 1.0335899333777656 6.768026302623298
114 0.15376854796522488 5.503280503280504 1.040356851175327 6.766917797561334
115 0.15443537290156867 5.4752004752004755 1.047124962842314 6.768111666987098
116 0.1551007892466654 5.4474204474204475 1.0538930278586331 6.7680650163191025
117 0.15576468543134556 5.41994041994042 1.0606597815960273 6.7667537373941045
118 0.15642694838562535 5.392760392760393 1.0674239354573885 6.7641538613612
119 0.15708820385796446 5.365850365850366 1.074191761643116 6.767826185727577
120 0.1577479812576281 5.339225339225339 1.0809583304153845 6.766568772268444
121 0.1584065489134567 5.312870312870313 1.0877262747129168 6.767944297532358
122 0.15906380676018672 5.286785286785287 1.0944944532111143 6.768178498197441
123 0.15971965339522795 5.260970260970261 1.1012617031579313 6.767249946816989
124 0.16037398609459924 5.235425235425236 1.1080268404881295 6.765137330198234
125 0.16102708977542976 5.210135210135211 1.1147926932346919 6.765852746562384
126 0.16167926068527175 5.185085185085185 1.1215622312410392 6.769538006347275
127 0.16233001595380991 5.1602901602901605 1.128330338057691 6.768106816651853
128 0.16297925728322432 5.135750135750136 1.1350958700178226 6.765531960131632
129 0.1636272867754331 5.111450111450112 1.141861860828236 6.765990810413403
130 0.16427441806139895 5.087375087375087 1.1486314899500933 6.769629121857301
131 0.16491975244201046 5.0635550635550635 1.1553952439857282 6.763754035634895
132 0.16556442043537192 5.0399450399450405 1.1621648673475444 6.7696233618161905
133 0.16620751793921087 5.0165750165750165 1.1689307689649606 6.765901617416192
134 0.16684936690612912 4.993429993429993 1.1756962221579474 6.765453192986826
135 0.16749030104569324 4.970494970494971 1.1824646505945309 6.768428436583429
136 0.16812981786983006 4.947784947784948 1.1892306496374716 6.765999042940729
137 0.1687682554694893 4.925284925284926 1.1959976937379047 6.767044100433051
138 0.1694055333662319 4.902994902994903 1.2027648354930887 6.767141755184003
139 0.17004157010421347 4.880914880914881 1.2095311113868972 6.7662758938085155
140 0.17067672021824795 4.859029859029859 1.2163002029300616 6.769091543164407
141 0.17131046987253976 4.837354837354837 1.2230665397674376 6.766336837376041
142 0.17194317822495658 4.815874815874816 1.2298338584153163 6.767318647878717
143 0.1725747698195418 4.794589794589795 1.2366012623957587 6.767403980442399
144 0.1732051683088265 4.773499773499774 1.2433678404133897 6.76657801763092
145 0.17383429646321602 4.752604752604753 1.2501326664268944 6.764826013504699
146 0.174462532737927 4.731889731889732 1.2568997218217286 6.767055394834243
147 0.17508980802959162 4.711354711354711 1.2636681834067647 6.7684615850360785
148 0.175716052415448 4.690999690999691 1.2704372143694196 6.7690309626549094
149 0.1763407287182097 4.670839670839671 1.2772009095827526 6.763695213332976
150 0.17696469497715295 4.650844650844651 1.28396847011632 6.767560533567529
151 0.17758788877801474 4.631014631014631 1.290739152180701 6.770682064380917
152 0.17820929419425616 4.611379611379611 1.2975018220229597 6.762669842258706
153 0.17883026648061148 4.591894591894592 1.304271142272197 6.769320249237376
154 0.17944978487538277 4.572589572589573 1.3110359086798484 6.764766407651335
155 0.18006874671486753 4.5534345534345535 1.317805839847259 6.769931167410537
156 0.18068660617634416 4.5344445344445345 1.3245748960231767 6.76905617591772
157 0.18130280336113977 4.515634515634516 1.3313368438116107 6.761947788433975
158 0.18191874991131451 4.496959496959497 1.338107098237267 6.770254425656264
159 0.1825333981692612 4.478449478449479 1.344874078160899 6.766979923632066
160 0.18314718235104074 4.460089460089461 1.3516424822957762 6.768404134877226
161 0.18375953644037943 4.441894441894442 1.3584059841373093 6.7635018415330705
162 0.18437140993936202 4.423834423834424 1.365174996755295 6.769012617985792
163 0.18498223891256974 4.405924405924406 1.3719432177966093 6.7682210413142485
164 0.18559196192985394 4.388164388164388 1.3787098867421974 6.7666689455880835
165 0.18620051693039202 4.370554370554371 1.3854742321723694 6.764345430172014
166 0.1868083646891487 4.3530793530793535 1.3922413039660786 6.767071793709167
167 0.18741545211961463 4.335739335739336 1.3990104502697178 6.7691463036392285
168 0.18802119527449618 4.3185493185493184 1.4057750828637645 6.764632594046693
169 0.18862659705583767 4.301479301479302 1.4125463357519374 6.7712528881729295
170 0.1892305386604054 4.284559284559284 1.4193116268946415 6.765291142704077
171 0.18983349497671595 4.267774267774268 1.4260761911914546 6.764564296813047
172 0.19043595403937916 4.251109251109251 1.4328454442120155 6.7692530205609724
173 0.19103732223481798 4.234579234579234 1.4396126540014282 6.767209789412698
174 0.19163754252201773 4.218184218184218 1.4463771003469144 6.764446345486119
175 0.1922371116421987 4.201909201909202 1.4531443146737875 6.7672143268731055
176 0.19283598184177445 4.185754185754186 1.4599137028212663 6.76938814747885
177 0.19343354361514886 4.16973416973417 1.4666783037498994 6.764600928633069
178 0.19403030251876807 4.153834153834154 1.473443766827909 6.765463078009626
179 0.19462677747947948 4.138039138039138 1.4802159273432016 6.772160515292613
180 0.19522178583602057 4.122379122379122 1.4869812937204103 6.765366377208704
181 0.19581584206574953 4.106839106839107 1.4937456353317926 6.764341611382285
182 0.19640947409543036 4.091404091404091 1.5005149093105388 6.76927397874616
183 0.19700205906758045 4.076089076089076 1.5072819568262172 6.76704751567847
184 0.19759354532375636 4.060894060894061 1.5140461153812212 6.764158555004007
185 0.19818446989267705 4.045804045804046 1.5208134659803556 6.7673505991343585
186 0.1987747907197523 4.030819030819031 1.527583478950006 6.770012969650407
187 0.1993638691302483 4.015954015954017 1.5343487653735859 6.765286423579875
188 0.19995225135462788 4.001194001194001 1.5411155321341627 6.766766760576859
189 0.2005398940426356 3.986538986538987 1.547883226794575 6.767694660412271
190 0.20112675342478975 3.971988971988972 1.5546512895338238 6.768062739248792
191 0.2017127853154559 3.9575439575439577 1.5614191531707715 6.767863636947702
192 0.202297945116108 3.9432039432039434 1.5681862431909952 6.767090020223687
193 0.20288218781877893 3.928968928968929 1.574951977776855 6.765734585859828
194 0.20346546800970286 3.914838914838915 1.5817157678408205 6.763790063965436
195 0.20404836440788984 3.900798900798901 1.588484273963679 6.76850612285862
196 0.2046308415001584 3.886848886848887 1.5952570464480011 6.772772484322065
197 0.20521160004875832 3.8730188730188733 1.6020189098952111 6.76186344720997
198 0.20579185285703172 3.8592788592788594 1.6087839149724208 6.765005077209674
199 0.2063715632909198 3.8456288456288457 1.6155515921134014 6.767677140980588
200 0.20695069436166408 3.832068832068832 1.622321465494831 6.7698733814296475
201 0.20752856270346895 3.818613818613819 1.6290854862799773 6.764020785146263
202 0.2081064190697259 3.8052338052338053 1.6358582475277215 6.7727612477441745
203 0.20868292976101188 3.791958791958792 1.6426240687791633 6.7658212514418725
204 0.20925870239804434 3.778773778773779 1.6493900156548211 6.765946875657791
205 0.20983369823449946 3.765678765678766 1.656155580843211 6.765565188389777
206 0.21040787818381632 3.752673752673753 1.6629202508901657 6.764670046954802
207 0.21098187052071854 3.73974373974374 1.6696913878084398 6.771136918274134
208 0.21155497504812354 3.726903726903727 1.6764606902448407 6.769302436400837
209 0.21212715168739893 3.7141537141537144 1.6832276268335074 6.766936588666672
210 0.21269836003019468 3.7014937014937015 1.6899916601618232 6.764033328315877
211 0.2132692415967569 3.6889086889086893 1.6967603410651746 6.768680903351365
212 0.21383908037128485 3.676413676413677 1.703525132806101 6.764791740926368
213 0.21440852454840695 3.663993663993664 1.7102936817674514 6.768548961350485
214 0.21497685019473695 3.651663651663652 1.717057333041327 6.7636512738755705
215 0.21554471220872337 3.63940863940864 1.723823829183247 6.766496141920042
216 0.21611207929419454 3.6272286272286274 1.7305927598369748 6.768930653727745
217 0.21667891987183863 3.6151236151236152 1.737363709559945 6.77094972297021
218 0.21724449415003438 3.6031086031086033 1.7441277860631992 6.764076503254168
219 0.21780947053949717 3.5911685911685916 1.7508929265526463 6.765140489447097
220 0.2183738166038077 3.5793035793035797 1.7576586999595063 6.765773406860021
221 0.21893821863805402 3.5674985674985678 1.7644333057315422 6.774605772035924
222 0.2195012093431222 3.555783555783556 1.7711990865323146 6.765780800772392
223 0.22006347076971014 3.5441435441435445 1.7779641770660561 6.765090533741525
224 0.22062496938825485 3.532578532578533 1.7847281262448356 6.763949178779427
225 0.22118640525061659 3.521073521073521 1.791499333855088 6.7712076102524055
226 0.22174701788768456 3.5096435096435097 1.798268593872897 6.769260017809087
227 0.22230677298276405 3.4982884982884985 1.8050354407477858 6.76684687488871
228 0.22286563595664277 3.487008487008487 1.8117994040267036 6.763963278917817
229 0.2234243207447008 3.475788475788476 1.8185690866795345 6.769682652830955
230 0.22398205095641552 3.4646434646434647 1.8253350420347034 6.7659553551688845
231 0.22453879124809786 3.453573453573454 1.8320967853945342 6.7617433598308185
232 0.2250952660392355 3.4425634425634426 1.8388630737419767 6.766288347442417
233 0.2256514507484753 3.4316134316134317 1.845633581705751 6.770507963774319
234 0.22620655302942905 3.420738420738421 1.8523986205350633 6.765038829312342
235 0.22676130786075663 3.40992340992341 1.859167102966627 6.768482431563694
236 0.2273156899810964 3.399168399168399 1.8659386912104186 6.771588243791538
237 0.22786889504439345 3.3884883884883887 1.8727035138471804 6.764822636761814
238 0.22842166864936875 3.3778683778683782 1.8794706407238142 6.767126876633833
239 0.22897398486572038 3.3673083673083672 1.886239721719378 6.7690809955638365
240 0.22952502731924368 3.356823356823357 1.8930007017230452 6.760980003667205
241 0.23007634631034246 3.3463833463833463 1.899772567400285 6.771865677239752
242 0.23062633100354382 3.336018336018336 1.9065354970958335 6.762929695548481
243 0.23117574483165648 3.325713325713326 1.913298825624839 6.76332852900563
244 0.23172536623651444 3.3154533154533157 1.9200721142496289 6.773288624789764
245 0.23227356092448684 3.3052683052683056 1.9268351840752833 6.763069825654444
246 0.23282191620078954 3.295128295128295 1.9336075782310422 6.772394155758921
247 0.23336878208678108 3.285063285063285 1.940368878359529 6.761300128486747
248 0.23391576076849824 3.275043275043275 1.947138852109659 6.769973750130109
249 0.23446201113742557 3.2650832650832653 1.9539070630498285 6.768210940169439
250 0.2350075049721763 3.255183255183255 1.9606731183094277 6.7660552595991685
251 0.23555221385147335 3.2453432453432454 1.9674366212160561 6.763502906628416
252 0.23609694528022845 3.2355482355482357 1.9742075697282213 6.770948512165198
253 0.23664084202575172 3.225813225813226 1.9809752790572461 6.767709329024818
254 0.23718387508556418 3.216138216138216 1.9877393415342735 6.764062477027322
255 0.23772686297219733 3.2065082065082064 1.9945099214483997 6.770579914126218
256 0.23826893632351617 3.196938196938197 2.001276146580836 6.766225132436521
257 0.23881006556775716 3.187428187428188 2.0080375983919736 6.761451811137409
258 0.2393510802762784 3.177963177963178 2.0148046087230003 6.767010331026668
259 0.23989196214788924 3.168543168543169 2.0215769307531715 6.772322030171196
260 0.24043182560789036 3.159183159183159 2.028343441001747 6.766510248575663
261 0.24097151135555286 3.14986814986815 2.035114640522072 6.771199520324789
262 0.2415101256844102 3.140613140613141 2.0418792794501885 6.764638928116629
263 0.2420485167373086 3.1314031314031316 2.0486479722194377 6.768692769249185
264 0.24258578266378378 3.1222531222531225 2.0554093421567217 6.761369937283934
265 0.24312277907119223 3.1131481131481133 2.0621741175915678 6.764775434846104
266 0.24365948650173824 3.1040881040881043 2.0689420301030994 6.767912511531637
267 0.24419588534405645 3.0950730950730954 2.0757128084114536 6.770778308354153
268 0.24473105743011578 3.0861180861180864 2.0824748212241824 6.762012812728813
269 0.24526677571238414 3.0771930771930776 2.0892504447876497 6.775623563467281
270 0.24580121937190846 3.0683280683280683 2.096016623690059 6.766178902409159
271 0.24633526657443863 3.0595080595080595 2.1027844319724074 6.767808282348575
272 0.2468679827705725 3.0507480507480507 2.1095419818074044 6.75754983499699
273 0.24740117179208188 3.042018042018042 2.116312126653413 6.7701448460084634
274 0.24793390273890378 3.0333330333330335 2.123083034424413 6.77090777100009
275 0.24846522874725696 3.024708024708025 2.1298426239699 6.759589545487277
276 0.24899697692468012 3.016113016113016 2.136614109631963 6.7714856620626485
277 0.24952820407634674 3.0075630075630078 2.1433854664354275 6.771356803464634
278 0.25005795098809247 2.9990729990729994 2.15014441883819 6.758952402762475
279 0.25058806813696854 2.990612990612991 2.1569145444203253 6.7701255821353
280 0.2511175999963839 2.9821979821979823 2.163683624234685 6.769079814359813
281 0.25164652485867517 2.973827973827974 2.1704513471410647 6.767722906379614
282 0.25217482087374127 2.9655029655029654 2.177217399244177 6.766052103112319
283 0.2527024660500215 2.957222957222957 2.183981463905089 6.764064660912172
284 0.2532304001373523 2.948972948972949 2.190755569751026 6.774105845936962
285 0.2537566811028987 2.940782940782941 2.197514761605034 6.759191854007973
286 0.25428321431595585 2.932622932622933 2.2042834738816173 6.768712276583155
287 0.25480901535582584 2.9245079245079246 2.2110490313741726 6.765557492555363
288 0.2553350394837733 2.9164229164229165 2.217823704839127 6.774673464954528
289 0.25585931203455947 2.9083979083979083 2.2245820237810903 6.758318941963104
290 0.25638376996814943 2.9004029004029004 2.231348917951855 6.7668941707648145
291 0.2569084023004629 2.8924378924378926 2.2381242404878554 6.775322536000328
292 0.2574312098069032 2.884532884532885 2.2448821320154715 6.757891527616078
293 0.25795515135662617 2.876642876642877 2.251660815751041 6.778683735569668
294 0.2584772212843798 2.868812868812869 2.258421380522538 6.760564771497002
295 0.2589993962718036 2.861012861012861 2.2651893812071004 6.768000684562292
296 0.25952065449098344 2.8532578532578534 2.2719515483022232 6.762167095122784
297 0.260041986421114 2.8455328455328455 2.278720705172585 6.7691568703618366
298 0.26056236188552495 2.837852837852838 2.2854834491501324 6.762743977547281
299 0.26108277924985096 2.8302028302028304 2.2922527279077656 6.769278757633224
300 0.261603226512781 2.822582822582823 2.2990283754443808 6.7756475366151925
301 0.262122660946096 2.815007815007815 2.3057967885772452 6.76841313286447
302 0.26264105808733035 2.8074778074778077 2.3125576023359695 6.760813758724282
303 0.2631594321434831 2.7999777999778 2.319324014642566 6.766412306596692
304 0.26367777067604936 2.792507792507793 2.326095851175173 6.771836532606823
305 0.26419501415954594 2.785082785082785 2.3328592396013823 6.763388426209271
306 0.26471218873786156 2.777687777687778 2.3396275669653637 6.7683273639813635
307 0.26522822646481714 2.7703377703377705 2.3463868257051663 6.759258739802654
308 0.2657452207667342 2.763002763002763 2.353164422453633 6.777596748466674
309 0.26626104418633073 2.755712755712756 2.3599324526812913 6.768030227658262
310 0.2667756713149706 2.7484677484677484 2.366690532538844 6.758079857552612
311 0.2672912199557686 2.7412377412377413 2.373466457700019 6.775925161174978
312 0.26780553763488374 2.7340527340527343 2.38023192209209 6.765464392071152
313 0.26831967853123806 2.726897726897727 2.3870007585671336 6.76883647504356
314 0.26883254511552285 2.71978771978772 2.393758483135693 6.757724568559276
315 0.26934628782534703 2.712692712692713 2.4005334136296943 6.774930494001463
316 0.26985872072266076 2.7056427056427057 2.40729670554603 6.763291916335845
317 0.2703709141168636 2.6986226986226987 2.414062449248233 6.765743702203064
318 0.27088285415462926 2.691632691632692 2.4208304432101 6.767993961867003
319 0.2713945268896609 2.6846726846726847 2.4276004841129173 6.770040902817076
320 0.2719048092939332 2.6777576777576777 2.434357675521416 6.757191408498731
321 0.27241590104101115 2.670857670857671 2.441131125839355 6.773450317938856
322 0.27292668308595236 2.663987663987664 2.447906002274992 6.774876435637012
323 0.27343601959881975 2.657162657162657 2.454667200745557 6.761198470565333
324 0.2739450093196185 2.6503676503676505 2.4614292673002467 6.762066554689472
325 0.27445476761342674 2.6435876435876438 2.4682070164530394 6.7777491527927225
326 0.27496302431033015 2.636852636852637 2.474970242053099 6.763225600059375
327 0.2754708904109589 2.63014763014763 2.481733687377961 6.763445324862172
328 0.27597835113257485 2.6234726234726238 2.488497132746369 6.763445368408227
329 0.27648539160324087 2.6168276168276168 2.4952603567242893 6.763223977920063
330 0.27699314773665906 2.61019761019761 2.5020385054852636 6.7781487609743785
331 0.2774993069447878 2.603612603612604 2.508800683786336 6.762178301072286
332 0.2780050007589544 2.597057597057597 2.5155619660329305 6.761282246594558
333 0.2785113774796589 2.5905175905175906 2.5223376988357478 6.775732802817291
334 0.2790160989659932 2.584022584022584 2.5290965707598967 6.758871924148924
335 0.2795214811075435 2.5775425775425775 2.5358695690375503 6.772998277653652
336 0.28002634490487355 2.571092571092571 2.5426408853943356 6.771316356785295
337 0.2805306747975759 2.564672564672565 2.549410284846889 6.769399452553504
338 0.2810344551396897 2.5582825582825586 2.5561775307022785 6.767245855389348
339 0.2815376702002495 2.551922551922552 2.5629423845654222 6.764853863143738
340 0.2820403041638498 2.545592545592546 2.5697046063468427 6.762221781420497
341 0.28254353859011766 2.5392775392775393 2.5764800828262437 6.775476479401021
342 0.2830449668327576 2.5330075330075332 2.5832363830253704 6.7563001991266525
343 0.2835469720130352 2.526752526752527 2.59000558884287 6.769205817499735
344 0.2840483405311255 2.5205275205275206 2.5967713251687687 6.765736325898608
345 0.28454905616406434 2.5143325143325144 2.6035333437863137 6.762018617544996
346 0.2850503214088113 2.5081525081525085 2.610307872920203 6.774529133889207
347 0.2855509096376098 2.5020025020025023 2.617078323385239 6.770450465035882
348 0.2860508043899689 2.495882495882496 2.623844442235897 6.766118850658032
349 0.28654998912541707 2.4897924897924897 2.6306059748927106 6.761532656813785
350 0.2870496831829478 2.483717483717484 2.6373794250005433 6.773450107832701
351 0.2875486424958787 2.4776724776724777 2.6441479161710433 6.768491170499935
352 0.2880468502909564 2.4716574716574717 2.6509111891576054 6.763272986562097
353 0.28854428971722346 2.4656724656724656 2.6576689831124876 6.757793954882185
354 0.28904219702349826 2.4597024597024597 2.6644380788547855 6.769095742297893
355 0.2895405681486526 2.4537474537474537 2.671218425717392 6.780346862606645
356 0.29003687532520417 2.447837447837448 2.677975600319211 6.757174601818683
357 0.2905336207294783 2.4419424419424423 2.684743636189571 6.768035870360123
358 0.29102952963178325 2.436077436077436 2.691505150344416 6.761514154844939
359 0.29152585953570376 2.4302274302274305 2.69827727298664 6.772122642224154
360 0.29202132692287475 2.4244074244074247 2.7050424756072644 6.765202620624411
361 0.2925171978345515 2.418602418602419 2.711818029050741 6.7755534434765785
362 0.2930121799424758 2.4128274128274128 2.7185862587671665 6.7682297164255445
363 0.29350625565183547 2.4070824070824073 2.7253468888725374 6.760630105370868
364 0.29400070383838883 2.4013524013524012 2.7321174018672645 6.770512994727085
365 0.2944942189254543 2.395652395652396 2.738879903217785 6.762501350520367
366 0.29498808836908 2.38996738996739 2.745652017157152 6.772113939367053
367 0.2954809977457732 2.3843123843123846 2.7524157020920703 6.7636849349184125
368 0.29597424311171056 2.3786723786723787 2.7591887244698072 6.773022377736915
369 0.2964665011789002 2.373062373062373 2.7659528951830583 6.764170713251083
370 0.29695775385681694 2.3674823674823675 2.7727079281992553 6.755033016196954
371 0.2974506372737551 2.361902361902362 2.7794900719437288 6.782143744473501
372 0.2979411649034491 2.3563673563673566 2.786244452065642 6.754380121913428
373 0.2984333130696911 2.3508323508323508 2.7930258016865364 6.7813496208941615
374 0.29892306878316366 2.3453423453423454 2.799778805741861 6.753004055324752
375 0.2994144346046782 2.33985233985234 2.806558633688686 6.779827946824746
376 0.29990337103722287 2.3344073344073344 2.813309528543429 6.750894854743006
377 0.30039390692405643 2.328962328962329 2.820087097308713 6.7775687652842365
378 0.3008833341758075 2.3235473235473236 2.8268539213618715 6.766824053158427
379 0.3013729964703159 2.3181473181473184 2.8336285574108095 6.774636048938021
380 0.3018615214922599 2.312777312777313 2.84039199772522 6.763440314410563
381 0.3023488904086975 2.3074373074373073 2.847143941000909 6.751943275689065
382 0.3028378356279379 2.302097302097302 2.8539222388207395 6.778297819830303
383 0.3033256045891996 2.296787296787297 2.8606887290513376 6.766490230598166
384 0.30381356279787053 2.2914922914922915 2.8674623321416455 6.773603090307834
385 0.3043003154988826 2.2862272862272865 2.8742236641709074 6.7613320292618795
386 0.3047872369607318 2.280977280977281 2.8809917918528707 6.768127681963332
387 0.3052729234246528 2.2757572757572757 2.8877471800403662 6.755388187495548
388 0.3057601602674058 2.270537270537271 2.8945285661596087 6.781386119242505
389 0.30624614129476097 2.2653472653472653 2.901296888960187 6.768322800578375
390 0.3067308470932929 2.2601872601872603 2.908051835154377 6.754946194190037
391 0.3072170896435787 2.255027255027255 2.914832588067432 6.7807529130550215
392 0.30770203582024525 2.24989724989725 2.9215996339794 6.767045911967973
393 0.3081856660237907 2.244797244797245 2.9283526557224993 6.753021743099108
394 0.3086708189106749 2.23969723969724 2.935131284371024 6.778628648524965
395 0.3091546343562652 2.2346272346272347 2.9418955519397296 6.764267568705407
396 0.3096385307141603 2.22957222957223 2.9486652633414514 6.7697114017217785
397 0.3101210589776415 2.2245472245472246 2.955420121458485 6.754858117033802
398 0.3106050934937797 2.2195222195222195 2.9622003574474114 6.7802359889261865
399 0.3110877380290208 2.2145272145272146 2.9689653948216903 6.765037374278915
400 0.31157042869641294 2.2095472095472095 2.975735336881822 6.769942060131484
401 0.3120516982806558 2.2045972045972047 2.982489578894669 6.754242012847023
402 0.3125344569583366 2.1996471996472 2.989268955548241 6.7793766535722
403 0.3130157722545046 2.1947271947271947 2.996032278494877 6.763322946635952
404 0.31349709811120946 2.18982218982219 3.002799951143184 6.767672648307244
405 0.313978427776569 2.184932184932185 3.0095718705498835 6.7719194066993005
406 0.3144582711884553 2.1800721800721803 3.016327045246415 6.75517469653153
407 0.31493809570600373 2.1752271752271755 3.023086104817812 6.759059571396886
408 0.3154193867673234 2.1703821703821706 3.0298699845735095 6.783879755697608
409 0.31589915730656526 2.1655671655671656 3.0366365724865583 6.766587913048738
410 0.31637888814223397 2.160767160767161 3.0434067254354256 6.770152948867292
411 0.31685706626818677 2.1559971559971562 3.0501590627129436 6.752337277518006
412 0.31733669202824044 2.1512271512271512 3.0569359426591247 6.776879946181147
413 0.3178147417879767 2.1464871464871464 3.0636946331145167 6.7586904553920135
414 0.3182927143679703 2.141762141762142 3.0704562953294925 6.761662214975761
415 0.31877212679237776 2.137037137037137 3.077242399317976 6.786103988483561
416 0.3192499279292567 2.1323421323421323 3.0840097459896527 6.767346671676666
417 0.3197260967735128 2.127677127677128 3.0907579887307413 6.748242741088539
418 0.3202036881738093 2.1230121230121233 3.097530410120642 6.772421389900529
419 0.3206811659594036 2.1183621183621186 3.1043052352768266 6.774825156184772
420 0.32115697558465883 2.1137421137421137 3.1110603767585236 6.755141481697091
421 0.32163419926995396 2.1091221091221093 3.117839582211145 6.779205452621451
422 0.322109730654795 2.1045321045321046 3.124598712849749 6.759130638604116
423 0.3225851093274287 2.0999570999571002 3.131359621243391 6.760908393641962
424 0.32306189322858364 2.0953820953820954 3.1381444724125545 6.784851169163275
425 0.3235369482799788 2.090837090837091 3.144908655142078 6.764182729523505
426 0.32401182773958753 2.0863070863070865 3.151674254412661 6.765599270583067
427 0.32448652389894306 2.081792081792082 3.1584411481747634 6.766893762102377
428 0.324961029009625 2.0772920772920775 3.165209213578283 6.768065403519596
429 0.3254353352833438 2.072807072807073 3.171978326973604 6.769113395320936
430 0.32590943489202934 2.0683370683370685 3.178748363912716 6.770036939112156
431 0.32638172208307464 2.063897063897064 3.185496362210126 6.747998297409907
432 0.3268553800776217 2.0594570594570594 3.192267790362261 6.771428152135162
433 0.32732880768071265 2.055032055032055 3.199039763829317 6.771973467055936
434 0.32780199690620165 2.0506220506220507 3.205812154984026 6.772391154708846
435 0.32827332326846315 2.0462420462420465 3.2125616807332986 6.749525749272678
436 0.32874600696481987 2.041862041862042 3.219334441457319 6.7727607240204435
437 0.3292184280857839 2.0374970374970376 3.2261072321435043 6.772790686185193
438 0.32969057848885513 2.033147033147033 3.2328799220095235 6.772689866019199
439 0.3301624499927199 2.028812028812029 3.239652379488222 6.772457478698701
440 0.3306323946008998 2.0245070245070247 3.246400918052269 6.748538564046669
441 0.3311036789297659 2.0202020202020203 3.2531724326828138 6.771514630544928
442 0.33157465958024596 2.015912015912016 3.25994331544336 6.770882760546382
443 0.3320453282171738 2.0116370116370117 3.2667134316490585 6.77011620569834
444 0.3325156764672435 2.0073770073770074 3.273482645840582 6.769214191523432
445 0.33298569591915633 2.003132003132003 3.2802508217864346 6.768175945852661
446 0.3334553781237714 1.998901998901999 3.2870178224853457 6.767000698911119
447 0.33392471459426104 1.9946869946869947 3.2937835101687543 6.765687683408572
448 0.33439369680626946 1.9904869904869906 3.300547746303369 6.764236134614521
449 0.3348623161980766 1.9863019863019864 3.3073103915938225 6.762645290453673
450 0.33533056417076523 1.9821319821319823 3.314071305985405 6.760914391582329
451 0.3358001235074089 1.9779619779619781 3.320854790259143 6.783484273738427
452 0.33626760740986583 1.973821973821974 3.3276119008174874 6.757110558344159
453 0.336734693877551 1.9696969696969697 3.3343668558568895 6.754955039402155
454 0.3372030797462477 1.9655719655719657 3.34114419786984 6.777342012950438
455 0.3376710601092232 1.9614619614619615 3.3479192605115897 6.775062641749763
456 0.3381386261549136 1.9573669573669574 3.3546918994324537 6.772638920863994
457 0.3386040492344324 1.9533019533019533 3.3614370387958368 6.745139363383057
458 0.3390707553215513 1.9492369492369492 3.368204312387213 6.767273591376188
459 0.3395370204374328 1.9451869451869452 3.3749687246855595 6.764412298346567
460 0.34000456966598597 1.9411369411369412 3.381755304884023 6.786580198463454
461 0.34046993068706216 1.9371169371169372 3.38851363397408 6.758329090057025
462 0.34093656732447036 1.9330969330969332 3.3952939986523427 6.780364678262707
463 0.34140098815200826 1.9291069291069292 3.402045649680051 6.751651027708139
464 0.3418666759654495 1.9251169251169251 3.408819201300278 6.773551620227192
465 0.34233187807906434 1.9211419211419212 3.4155891617867207 6.769960486442628
466 0.3427965853312395 1.9171819171819173 3.422355379639151 6.766217852430145
467 0.3432607885257415 1.9132369132369134 3.429117702640639 6.7623230014883795
468 0.3437244784319548 1.9093069093069095 3.435875977861734 6.758275221094845
469 0.34418942277310943 1.9053769053769054 3.4426559709088758 6.779993047141719
470 0.34465206305484725 1.9014769014769015 3.449405771750346 6.749800841470144
471 0.3451159487212406 1.8975768975768976 3.4561771470310223 6.771375280676395
472 0.3455792934209585 1.8936918936918938 3.4629440218869307 6.7668748559084335
473 0.34604388394507035 1.8898068898068898 3.469732491956705 6.788470069774455
474 0.346506123289081 1.885951885951886 3.4764899795844713 6.757487627766068
475 0.3469677933763088 1.8821118821118823 3.4832424957851216 6.752516200650316
476 0.3474306953241688 1.8782718782718784 3.490016384369487 6.773888584365562
477 0.3478930186150782 1.8744468744468745 3.496785151129442 6.768766759954747
478 0.348354753688558 1.8706368706368708 3.50354863640322 6.763485273777903
479 0.34881771605093304 1.8668268668268668 3.510333433556159 6.784797152939337
480 0.34927825070100216 1.863046863046863 3.5170859579392344 6.752524383075276
481 0.3497400030217566 1.8592668592668593 3.5238596394381867 6.7736814989523
482 0.3502011382248777 1.8555018555018556 3.5306275620638297 6.767922625642964
483 0.350661646589514 1.8517518517518519 3.537389562865771 6.762000801941337
484 0.3511215183633226 1.8480168480168482 3.544145478231742 6.755915365971088
485 0.35158259790969876 1.8442818442818443 3.5509224025921697 6.77692436042765
486 0.35204303096679207 1.8405618405618407 3.5576930811201284 6.770678527958651
487 0.3525028076876709 1.836856836856837 3.5644573482872177 6.764267167089333
488 0.35296191819464035 1.8331668331668332 3.5712150379161733 6.757689628955621
489 0.35342222618055513 1.8294768294768295 3.5779935805676573 6.778542651483921
490 0.35388185783914566 1.8258018258018258 3.58476538096361 6.7718003959527096
491 0.3543408031992754 1.8221418221418222 3.5915302710302996 6.764890066689677
492 0.3547990522598239 1.8184968184968187 3.598288082059197 6.757811028897276
493 0.3552584881107299 1.814851814851815 3.605066582288109 6.778500228912243
494 0.35571721733525563 1.8112218112218113 3.6118378344657285 6.7712521776193135
495 0.35617522984010563 1.8076068076068077 3.6186016680092092 6.763833543480757
496 0.3566325155028309 1.804006804006804 3.625357911715995 6.756243706785625
497 0.35709097687333685 1.8004068004068006 3.632134672958856 6.776761242861085
498 0.3575487008633737 1.796821796821797 3.638903671085727 6.76899812687104
499 0.3580056772597072 1.7932517932517933 3.6456647330444287 6.761061958701742
500 0.35846189582083193 1.7896967896967897 3.652417685179239 6.752952134810197
501 0.35891927861459894 1.7861417861417863 3.6591909753634333 6.773290184194369
502 0.3593758928253766 1.7826017826017826 3.665955978214575 6.765002851141677
503 0.3598336703179026 1.779061779061779 3.672741312680901 6.78533446632601
504 0.36028872125838884 1.7755517755517756 3.6794892997868027 6.747987105901743
505 0.3607449245843944 1.772041772041772 3.686257438008882 6.768138222079223
506 0.36120228467897575 1.7685317685317685 3.693045808932224 6.7883709233420575
507 0.3616568820299387 1.7650517650517652 3.6997962143510708 6.75040541884675
508 0.3621126251055107 1.7615717615717617 3.706566668993998 6.770454642927248
509 0.36256754640144095 1.7581067581067582 3.713327940492634 6.7612714986360345
510 0.36302361216841844 1.7546417546417548 3.720109248820535 6.781308327901137
511 0.3634788449648498 1.7511917511917512 3.726881187562333 6.771938741797712
512 0.3639332341978212 1.747756747756748 3.7336435758753415 6.762388313008572
513 0.36438676924893254 1.7443367443367443 3.740396232364863 6.752656489521502
514 0.36484143610489056 1.740916740916741 3.7471687224141257 6.772490049262725
515 0.36529523738552094 1.7375117375117375 3.7539312900887296 6.762567674603925
516 0.365750168976747 1.7341067341067342 3.7607136741741956 6.782384085465942
517 0.36620221193681246 1.7307317307317307 3.7674559342215246 6.7422600473290295
518 0.36665739022541755 1.7273417273417275 3.7742479139427507 6.791979721226138
519 0.3671096583343704 1.7239817239817241 3.780999400462833 6.751486520082395
520 0.36756304355736685 1.7206217206217207 3.787770489512491 6.771089049657952
521 0.36801551849390235 1.7172767172767174 3.7945308983416277 6.760408829136644
522 0.3684691088086681 1.713931713931714 3.801310887775753 6.7799894341251665
523 0.3689217770684635 1.7106017106017106 3.8080799988689162 6.76911109316336
524 0.36937351234669136 1.7072867072867073 3.8148380439178076 6.758045048891326
525 0.369826355257771 1.703971703971704 3.821615546085798 6.777502167990335
526 0.3702782532772435 1.7006717006717007 3.8283817812216547 6.766235135856835
527 0.37072919539820803 1.6973866973866976 3.835136559965279 6.754778743624179
528 0.3711812372151135 1.6941016941016942 3.841910668518426 6.774108553146974
529 0.371632311083313 1.690831690831691 3.848673116849573 6.762448331147031
530 0.37208448261042826 1.6875616875616877 3.8554548670948208 6.781750245247853
531 0.37253359231894567 1.6843216843216844 3.8621935097767435 6.738642681922702
532 0.3729858742648441 1.6810666810666812 3.8689825780727087 6.7890682959652615
533 0.3734350720861112 1.6778416778416778 3.8757281540764805 6.745576003771792
534 0.3738853531761966 1.6746166746166746 3.882492794192821 6.76464011634037
535 0.37433672145838737 1.6713916713916714 3.889276571216595 6.783777023774196
536 0.37478707388072535 1.6681816681816684 3.8960478719042038 6.771300687608672
537 0.37523639916787493 1.6649866649866651 3.902806501407512 6.758629503308189
538 0.37568680312376374 1.661791661791662 3.909584128784191 6.777627376679085
539 0.37613616744696193 1.6586116586116586 3.916348872104741 6.764743320549993
540 0.3765844807873937 1.6554466554466556 3.923100534970011 6.7516628652701804
541 0.37703386408443457 1.6522816522816524 3.929871052900893 6.770517930881681
542 0.37748218376681536 1.6491316491316492 3.9366282747717 6.757221870806962
543 0.37793157088548324 1.645981645981646 3.943404314220713 6.7760394490132825
544 0.378379881672925 1.6428466428466428 3.950166840303841 6.762526083127884
545 0.3788292573158632 1.6397116397116398 3.9569481452690027 6.781304965161716
546 0.37927754382651224 1.6365916365916366 3.963715717864802 6.767572595799187
547 0.37972472967369464 1.6334866334866336 3.9704693579961043 6.753640131302419
548 0.38017297127144034 1.6303816303816305 3.977241626339492 6.772268343387733
549 0.3806200992734336 1.6272916272916274 3.9839997405429743 6.758114203482268
550 0.38106828026380624 1.6242016242016242 3.9907764406584803 6.776700115505907
551 0.38151533464269527 1.621126621126621 3.9975387632814345 6.7623226229542865
552 0.38196343918696707 1.6180516180516182 4.004319628300803 6.780865019368587
553 0.38241040402082 1.614991614991615 4.011085890802493 6.766262501689546
554 0.3828562174380461 1.611946611946612 4.017837347113109 6.751456310616355
555 0.3833030715255746 1.608901608901609 4.0246071873394955 6.769840226386492
556 0.3837509699315464 1.605856605856606 4.031395478941677 6.788291602181751
557 0.3841954880805151 1.6028416028416028 4.03813513695961 6.739658017933081
558 0.3846432564853803 1.5998115998115998 4.0449266840379705 6.791547078360161
559 0.38508762099946514 1.5968115968115968 4.051669185668572 6.742501630601083
560 0.3855352429684084 1.5937965937965939 4.058463709393259 6.7945237246878065
561 0.38597943731089396 1.590811590811591 4.065208773749788 6.745064356528552
562 0.3864246563908519 1.5878265878265878 4.071971960690063 6.763186940275112
563 0.3868709037584159 1.5848415848415849 4.078753335774671 6.781375084607966
564 0.3873159327603376 1.5818715818715818 4.085518750120358 6.765414345687226
565 0.38776198680134427 1.578901578901579 4.092302300614176 6.783550493818069
566 0.38820680884367054 1.575946575946576 4.099069654568581 6.76735395440442
567 0.3886503868629819 1.573006573006573 4.105820601837715 6.7509472691345
568 0.38909497973591317 1.5700665700665701 4.1125895129506835 6.76891111296829
569 0.3895383148321926 1.5671415671415672 4.119341779114436 6.752266163752907
570 0.3899826613535376 1.5642165642165642 4.126111953552486 6.770174438049281
571 0.3904280227650999 1.5612915612915614 4.132900100151555 6.7881465990691225
572 0.39087211081704465 1.5583815583815583 4.139671333455644 6.7712333040894634
573 0.3913149133393126 1.5554865554865556 4.146425440374941 6.754106919296454
574 0.3917587202640143 1.5525915525915526 4.153197341099148 6.7719007242068585
575 0.39220122766951054 1.5497115497115497 4.159951872430984 6.754531331836233
576 0.3926447358656588 1.546831546831547 4.166724138342191 6.772265911207498
577 0.39308693047543125 1.543966543966544 4.1734787902922745 6.754651950083179
578 0.393530122203031 1.5411015411015412 4.1802511163788605 6.772326086585956
579 0.39397431442491115 1.5382365382365384 4.187041178744075 6.790062365214844
580 0.3944148435808328 1.5354015354015356 4.193777660867323 6.7364821232480665
581 0.3948586976994325 1.5325515325515326 4.2005674135228315 6.7897526555080745
582 0.39530120796263923 1.5297165297165298 4.207339026884955 6.7716133621233965
583 0.39574236196690477 1.5268965268965269 4.214092283145074 6.75325626011869
584 0.3961845017222157 1.5240765240765242 4.220863025243356 6.770742098282767
585 0.3966252708457526 1.5212715212715213 4.227615159526494 6.752134283138034
586 0.3970670218037661 1.5184665184665185 4.234384714347842 6.769554821347334
587 0.39750975788053944 1.5156615156615156 4.241171750039835 6.787035691993459
588 0.39795110688221313 1.512871512871513 4.2479398923175085 6.768142277673306
589 0.39839105627119936 1.5100965100965102 4.254688920662463 6.749028344954944
590 0.39883197949682503 1.5073215073215074 4.261455235640043 6.766314977579846
591 0.39927387979608264 1.5045465045465045 4.268238896655521 6.783661015477449
592 0.39971436382997094 1.5017865017865017 4.275003153944969 6.764257289447961
593 0.4001534189742537 1.499041499041499 4.281747785237972 6.744631293003067
594 0.4005958468584641 1.4962814962814963 4.288546561265993 6.798776028021258
595 0.401034429241214 1.4935514935514935 4.295288550006812 6.741988740818883
596 0.4014739730185132 1.490821490821491 4.302047615649723 6.759065642911288
597 0.40191448135496766 1.4880914880914882 4.308823816182826 6.776200533102461
598 0.4023535290865681 1.4853764853764855 4.315579836414633 6.756020231807547
599 0.4027935370906758 1.4826614826614828 4.322352918856994 6.773082442360412
600 0.40323450852116016 1.47994647994648 4.329143121255682 6.79020239868855
601 0.40367400223797095 1.4772464772464773 4.335912844461079 6.769723205397149
602 0.40411200541187337 1.4745614745614746 4.342661862115655 6.749017654575695
603 0.40455096012175373 1.4718764718764719 4.3494277933542085 6.765931238553513
604 0.40499086947171725 1.4691914691914694 4.356210694950131 6.782901595922652
605 0.4054292709685188 1.4665214665214665 4.362972588076123 6.761893125991847
606 0.4058686226306888 1.463851463851464 4.36975137512885 6.77878705272672
607 0.40630645125902304 1.4611964611964612 4.37650888686804 6.757511739190036
608 0.4067452255180821 1.4585414585414587 4.38328321491558 6.774328047540301
609 0.40718246149373405 1.455901455901456 4.390035999425341 6.752784509760801
610 0.407620638505759 1.4532614532614534 4.396805521442357 6.769522017016527
611 0.40805726191671216 1.4506364506364506 4.403553230333152 6.74770889079479
612 0.4084948217102143 1.448011448011448 4.41031759675278 6.764366419627521
613 0.40893332090174794 1.4453864453864456 4.41709867571451 6.7810789617306355
614 0.4093702487417993 1.442776442776443 4.423857629874768 6.758954160257957
615 0.40980811125809574 1.4401664401664402 4.430633215235744 6.775585360975889
616 0.4102443869281238 1.4375714375714377 4.437386402705518 6.753187469773714
617 0.41068159249339004 1.4349764349764351 4.4441561388639785 6.76973615846066
618 0.4111197309300894 1.4323814323814323 4.450942477928112 6.786339064133173
619 0.4115562645305229 1.4298014298014299 4.457706102683009 6.763624754897002
620 0.41199372615326424 1.4272214272214272 4.464486246467682 6.780143784673065
621 0.41242956727021673 1.4246564246564246 4.471243399404317 6.757152936635258
622 0.4128663315014436 1.4220914220914223 4.47801698633221 6.773586927892872
623 0.4133014594929034 1.4195414195414195 4.484767304585412 6.750318253201826
624 0.41373750563200745 1.416991416991417 4.491533970635684 6.766666050272541
625 0.4141744728278494 1.4144414144414146 4.4983170373651005 6.783066729416198
626 0.41460978546409805 1.411906411906412 4.505076512471218 6.7594751061177405
627 0.4150460141223698 1.4093714093714094 4.511852300702711 6.775788231492719
628 0.41548057231675106 1.4068514068514069 4.518604216129653 6.751915426941757
629 0.4159160414402521 1.4043314043314044 4.525372355982597 6.768139852944444
630 0.41635242436013853 1.4018114018114018 4.532156772301511 6.784416318914133
631 0.4167871182642966 1.3993063993063994 4.538916988292039 6.760215990527563
632 0.4172227208038721 1.3968013968013968 4.545693390692598 6.776402400559434
633 0.4176566182560396 1.3943113943113943 4.552445308292535 6.751917599936874
634 0.41809141912494213 1.391821391821392 4.5592133211124155 6.768012819880376
635 0.4185271262350224 1.3893313893313894 4.565997480332417 6.784159220001307
636 0.41896110947716114 1.386856386856387 4.5727568227263236 6.759342393906742
637 0.4193959936738245 1.3843813843813844 4.579532218978349 6.775396252025168
638 0.41982913776664954 1.381921381921382 4.5862825107093625 6.750291731013824
639 0.4202631774701728 1.3794613794613795 4.5930487626352265 6.7662519258639975
640 0.4206981155650465 1.3770013770013771 4.599831025059353 6.782262424126273
641 0.4211312945504714 1.3745563745563747 4.606587846515214 6.756821455860873
642 0.4215653665156196 1.3721113721113722 4.6133605834604765 6.772736945262814
643 0.4219976629746054 1.3696813696813697 4.620107588592943 6.747005132466732
644 0.42243084694512484 1.3672513672513673 4.626870413099006 6.762824506062692
645 0.42286492116309954 1.364821364821365 4.633649106389085 6.778693290079296
646 0.4232972006481533 1.3624063624063625 4.640401727083551 6.752620694466138
647 0.4237303648449208 1.35999135999136 4.64717011910867 6.768392025118253
648 0.42416441647218706 1.3575763575763575 4.653954331514502 6.784212405832157
649 0.42459665400518176 1.3551763551763552 4.660712127921124 6.757796406621885
650 0.42502977336539766 1.3527763527763528 4.667485645919565 6.773517998441392
651 0.4254610619774003 1.3503913503913505 4.674232452067319 6.746806147753581
652 0.425895947553417 1.3479913479913481 4.681037460461546 6.805008394227485
653 0.426326270378949 1.3456213456213457 4.687772977649436 6.7355171878897835
654 0.42676019552464667 1.3432363432363432 4.694566793527847 6.7938158784111025
655 0.4271922674704725 1.3408663408663408 4.701333499126198 6.76670559835113
656 0.4276224722675859 1.3385113385113385 4.708072846138267 6.739347012068464
657 0.42805629288325736 1.3361413361413361 4.714870733799638 6.797887661371682
658 0.4284854865393292 1.333801333801334 4.721597987423844 6.727253624205787
659 0.42891830127594743 1.3314463314463314 4.728383876275013 6.785888851169375
660 0.42934922614018095 1.3291063291063292 4.735142002805557 6.758126530543862
661 0.42978101775685024 1.3267663267663268 4.741915586762439 6.773583956881879
662 0.4302136787436371 1.3244263244263246 4.748704675134675 6.7890883722361295
663 0.4306444298886481 1.3221013221013223 4.7554656459709355 6.7609708362601495
664 0.43107604447674636 1.31977631977632 4.762242016071542 6.776370100606499
665 0.4315057321278777 1.3174663174663175 4.768989964262882 6.747948191340392
666 0.4319362772411684 1.3151563151563153 4.775753205524133 6.763241261250386
667 0.43236768238584183 1.3128463128463128 4.782531785888151 6.778580364017905
668 0.4327971404198742 1.3105513105513107 4.7892815851669654 6.749799278814805
669 0.43322745243807653 1.3082563082563083 4.796046616056095 6.765030889129164
670 0.43365862099022573 1.305961305961306 4.802826924187829 6.780308131734358
671 0.43408782213146885 1.3036813036813037 4.809578089621625 6.751165433795947
672 0.4345178736933491 1.3014013014013015 4.81634442351336 6.766333891735421
673 0.43494877820591277 1.2991212991212993 4.823125971089886 6.781547576525604
674 0.4353776948817818 1.2968562968562969 4.829878011943827 6.75204085394121
675 0.4358074583291386 1.2945912945912947 4.836645156411984 6.767144468156516
676 0.436238071058018 1.2923262923262924 4.843427449310989 6.782292899004894
677 0.4366666754000089 1.29007629007629 4.8501798690767775 6.752419765788886
678 0.43709612277867527 1.2878262878262878 4.856947325923731 6.767456846953124
679 0.4375264156837626 1.2855762855762856 4.863729864253601 6.7825383298707465
680 0.43795467952853256 1.2833412833412834 4.870482160680612 6.7522964270105845
681 0.43838378258948296 1.2811062811062812 4.87724942596906 6.7672652884480655
682 0.4388137273357969 1.2788712788712788 4.884031704101243 6.78227813218335
683 0.4392416222263511 1.2766512766512768 4.890783369229955 6.751665128711615
684 0.4396703524269168 1.2744312744312745 4.8975499333169505 6.766564086995608
685 0.4400999203858448 1.2722112722112722 4.90433143992063 6.781506603679155
686 0.4405274175728324 1.27000627000627 4.911081960118349 6.750520197718934
687 0.44095574607802546 1.2678012678012678 4.917847307691661 6.765347573312042
688 0.4413849083286768 1.2655962655962656 4.924627525770735 6.780218079073919
689 0.44181197877179673 1.2634062634062635 4.931376381769655 6.748855998920611
690 0.44224281011976385 1.2612012612012613 4.938186368955443 6.809987185787847
691 0.44266860378641393 1.259026259026259 4.944918398818881 6.732029863438349
692 0.4430981631790375 1.256836256836257 4.9517116454124945 6.793246593613134
693 0.44352560631119825 1.2546612546612548 4.958473092922815 6.761447510320373
694 0.443953874922086 1.2524862524862526 4.9652492621765845 6.7761692537695595
695 0.4443800092786638 1.2503262503262504 4.971993310901533 6.744048724948826
696 0.4448069624813848 1.2481662481662483 4.9787519625151635 6.758651613630207
697 0.44523473689272147 1.246006246006246 4.9855252588390755 6.7732963239119925
698 0.44566333488424326 1.2438462438462439 4.992313241838069 6.787982998993414
699 0.4460897738724065 1.2417012417012419 4.999068661683471 6.755419845402066
700 0.4465170297300266 1.2395562395562396 5.005838647834368 6.769986150897189
701 0.4469451048064972 1.2374112374112374 5.012623241809785 6.784593975416975
702 0.44737099932491653 1.2352812352812352 5.019374887152952 6.751645343166857
703 0.4477977062882951 1.2331512331512333 5.026141018740373 6.766131587420787
704 0.4482252280236071 1.2310212310212312 5.03292167764156 6.780658901186953
705 0.4486505475336757 1.228906228906229 5.039669000318473 6.74732267691347
706 0.44907667497908416 1.2267912267912269 5.046430727529762 6.761727211288537
707 0.4495036126641476 1.2246762246762248 5.053206899891785 6.776172362023658
708 0.4499283263459395 1.2225762225762227 5.059949346360967 6.742446469181651
709 0.4503568856709357 1.2204612204612204 5.066754428249564 6.805081888597186
710 0.45078321407851474 1.2183612183612185 5.07352565997294 6.7712317233761254
711 0.4512072965707309 1.2162762162762164 5.080262773647733 6.737113674792461
712 0.4516352373390709 1.2141762141762142 5.0870627463504 6.799972702666857
713 0.4520609252159384 1.2120912120912122 5.093828475553281 6.765729202881765
714 0.4524843451572136 1.21002121002121 5.1005596925373835 6.731216984102062
715 0.45291163594563966 1.207936207936208 5.107353990898396 6.79429836101253
716 0.45333665176094257 1.205866205866206 5.114113650423831 6.759659525434891
717 0.4537624660018133 1.2037962037962038 5.120887539010275 6.773888586444343
718 0.45418598662239257 1.2017412017412017 5.127626455194616 6.7389161843403045
719 0.4546133986522517 1.1996711996711997 5.134428816705574 6.802361510958477
720 0.4550385099476068 1.1976161976161976 5.141196077732407 6.767261026833005
721 0.45546130533518797 1.1955761955761957 5.147927967234882 6.731889502474608
722 0.4558880046172384 1.1935211935211936 5.154723522507925 6.795555273042986
723 0.4563123808167909 1.1914811914811916 5.1614835770328495 6.760054524924897
724 0.4567375478375968 1.1894411894411896 5.168257720399893 6.774143367043628
725 0.4571603729335188 1.1874161874161875 5.174996025884696 6.738305484803142
726 0.4575871223872893 1.1853761853761855 5.181798358807337 6.802332922640986
727 0.4580115226654099 1.1833511833511834 5.188564723178915 6.766364371578071
728 0.458433558470279 1.1813411813411814 5.195294845743685 6.730122564770014
729 0.45885953102673593 1.1793161793161793 5.2020892141868 6.794368443114429
730 0.45928313179969354 1.1773061773061773 5.208847209038838 6.757994852038429
731 0.45970751539791865 1.1752961752961752 5.215619144899294 6.771935860455436
732 0.4601295081808808 1.1733011733011733 5.222354366599501 6.735221700207461
733 0.4605554580712194 1.1712911712911713 5.2291541934045656 6.799826805064413
734 0.4609790097607793 1.1692961692961694 5.235917172843034 6.762979438468264
735 0.4614033412094962 1.1673011673011673 5.242694035300414 6.776862457380517
736 0.4618252553088021 1.1653211653211655 5.249433707712456 6.739672412042097
737 0.4622511468462422 1.1633261633261633 5.256238343698894 6.804635986437546
738 0.4626746135737763 1.1613461613461613 5.263005655021622 6.767311322728453
739 0.46309563999649894 1.1593811593811594 5.26973536494704 6.729709925417993
740 0.46352065612341536 1.1574011574011573 5.276530254021272 6.794889074231314
741 0.46394322442719194 1.1554361554361554 5.2832874060064565 6.757151985184784
742 0.46436656390224323 1.1534711534711535 5.290058281697365 6.770875690908618
743 0.46478743622529006 1.1515211515211516 5.296791074393587 6.732792696221956
744 0.46521231846234146 1.1495561495561497 5.3035894020293455 6.798327635758383
745 0.4656347259550644 1.1476061476061477 5.310349509593978 6.760107564632634
746 0.4660579012273181 1.1456561456561456 5.317123276547252 6.773766953274141
747 0.46648184637431284 1.1437061437061438 5.323910739136035 6.787462588782489
748 0.4669032934924355 1.1417711417711418 5.330659564338254 6.748825202219422
749 0.46732550281937757 1.1398361398361398 5.337421946727186 6.762382388932231
750 0.4677484764247516 1.137901137901138 5.344197922053539 6.775975326352324
751 0.46816892862710735 1.135981135981136 5.350934841082405 6.736919028866417
752 0.4685934310632771 1.134046134046134 5.3577380039154985 6.803162833093346
753 0.46901540435734507 1.1321261321261322 5.364501970643078 6.763966727579174
754 0.4694381383191468 1.1302061302061304 5.371279461725281 6.7774910822029355
755 0.4698583234780451 1.1283011283011284 5.378017404903696 6.737943178415584
756 0.4702792615103316 1.1263961263961264 5.3847687316192685 6.7513267155723256
757 0.4707009544412797 1.1244911244911246 5.391533476733784 6.764745114515414
758 0.4711234043034339 1.1225861225861227 5.39831167521641 6.778198482626507
759 0.47154661313664165 1.1206811206811207 5.4051033621440645 6.791686927654084
760 0.47196724166493215 1.1187911187911188 5.4118549354517915 6.751573307727021
761 0.4723886212804674 1.116901116901117 5.418619854723276 6.76491927148426
762 0.47281075399679146 1.115011115011115 5.425398154529888 6.778299806612154
763 0.47323028260394273 1.1131361131361133 5.432135914145331 6.737759615442762
764 0.47365392157419983 1.1112461112461114 5.4389409722766855 6.805058131354791
765 0.47407494847985343 1.1093711093711094 5.445705346420561 6.764374143875429
766 0.474496724545835 1.1074961074961076 5.452483026149248 6.777679728687147
767 0.47491586856975143 1.1056361056361057 5.459219664555666 6.736638406417583
768 0.47533575374541176 1.1037761037761038 5.465969463793459 6.749799237793397
769 0.4757563820403689 1.101916101916102 5.472732457521867 6.762993728408162
770 0.4761777554291462 1.1000561000561 5.479508679501703 6.776221979835739
771 0.47659987589326824 1.0981960981960983 5.486298163595689 6.78948409398572
772 0.47701933218180753 1.0963510963510965 5.493046029367091 6.747865771401962
773 0.47743952744898077 1.0945060945060945 5.499807010878867 6.76098151177662
774 0.4778604636493571 1.0926610926610927 5.506581141480201 6.774130601333361
775 0.4782821427444048 1.0908160908160909 5.513368454620239 6.787313140038442
776 0.4787011293528337 1.088986088986089 5.520113641615739 6.74518699549953
777 0.47912085068950355 1.0871560871560872 5.526871863512636 6.758221896897787
778 0.4795413086887218 1.0853260853260853 5.533643153244205 6.771289731569041
779 0.4799625052915919 1.0834960834960836 5.54042754384173 6.78439059752467
780 0.4803809809293363 1.0816810816810818 5.5471692975438875 6.74175370215746
781 0.48080365449607154 1.0798510798510799 5.553979881297438 6.810583753550148
782 0.48122359884390725 1.078036078036078 5.560747678926307 6.767797628869587
783 0.4816407977135525 1.0762360762360763 5.567472400702922 6.7247217766146505
784 0.48206220633343594 1.0744210744210745 5.574266157804761 6.793757101839049
785 0.4824808611713007 1.0726210726210728 5.581016688944365 6.750531139603666
786 0.4829002438165769 1.0708210708210708 5.587780119440357 6.76343049599204
787 0.48332035616879304 1.069021069021069 5.594556481476886 6.776362036529093
788 0.48374120013409316 1.0672210672210674 5.6013458073325335 6.789325855647732
789 0.48415926144335764 1.0654360654360655 5.608091389574999 6.745582242465353
790 0.4845780459758418 1.0636510636510637 5.6148497839720735 6.758394397074596
791 0.48499755560987534 1.0618660618660618 5.621621022278957 6.771238306883198
792 0.4854177922302979 1.0600810600810602 5.628405136343335 6.784114064378066
793 0.4858352171612717 1.0583110583110584 5.635144986408929 6.7398500655944105
794 0.4862569072862753 1.0565260565260566 5.641954839031827 6.809852622898127
795 0.4866757772463272 1.0547560547560548 5.64872027445204 6.765435420212462
796 0.4870918105659087 1.053001053001053 5.655440999420383 6.720724968343639
797 0.4875121207822238 1.0512310512310512 5.662231929406655 6.790929986271621
798 0.4879295858351948 1.0494760494760496 5.668977994921006 6.746065514350974
799 0.4883513437489012 1.0477060477060478 5.675794544785418 6.81654986441238
800 0.4887666645160912 1.045966045966046 5.682508145251734 6.713600466315306
801 0.4891862818332176 1.0442110442110442 5.689292292109023 6.784146857289564
802 0.4896066202714969 1.0424560424560425 5.6960891949366355 6.79690282761225
803 0.49002407980736146 1.0407160407160407 5.702840628231897 6.7514332952614
804 0.49044225183842455 1.038976038976039 5.709604661626468 6.764033394571101
805 0.49086113819031096 1.0372360372360372 5.716381325743623 6.776664117155384
806 0.49127712036645377 1.0355110355110355 5.723112068433376 6.730742689752489
807 0.4916974346644088 1.0337710337710337 5.729913976667109 6.801908233732945
808 0.4921148360960688 1.032046032046032 5.736669806476517 6.7558298094079205
809 0.4925329467930901 1.0303210303210304 5.743438170900665 6.768364424148743
810 0.4929517685648286 1.0285960285960287 5.750219100203425 6.780929302759198
811 0.4933676520215266 1.026886026886027 5.7569534962351945 6.73439603176984
812 0.49378789517267535 1.0251610251610253 5.763759536509501 6.806040274306646
813 0.494205191235361 1.0234510234510235 5.770518885057563 6.75934854806215
814 0.4946231932014963 1.0217410217410219 5.777290700193479 6.7718151359157375
815 0.4950382268901073 1.0200460200460202 5.784015445895667 6.724745702188173
816 0.4954576398158084 1.0183360183360184 5.790812173975397 6.796728079729419
817 0.49587407562781444 1.0166410166410167 5.797561673087196 6.749499111799118
818 0.4962912120634618 1.014946014946015 5.8043235385149 6.7618654277046275
819 0.49670905089236356 1.0132510132510133 5.811097799703775 6.77426118887503
820 0.49712759389009686 1.0115560115560116 5.817884486181056 6.786686477280313
821 0.49754312956931623 1.00987600987601 5.824623403454653 6.738917273596989
822 0.49796307998440376 1.0081810081810083 5.831434918805983 6.811515351330399
823 0.49838001414403893 1.0065010065010065 5.838198503647701 6.763584841717574
824 0.49879764706938634 1.004821004821005 5.844974411152143 6.775907504442458
825 0.4992122422939025 1.0031560031560032 5.851702006276747 6.727595124603525
826 0.49963127175271815 1.0014760014760016 5.85850253596585 6.800529689103385
827 0.500047254512806 0.9998109998109999 5.865254590937422 6.75205497157183
828 0.5004639305275296 0.9981459981459981 5.872018863997169 6.764273059746806
829 0.5008813015313459 0.9964809964809965 5.878795383835516 6.776519838346928
830 0.5012955997732137 0.9948309948309949 5.885522964020201 6.7275801846857775
831 0.501714359681391 0.9931659931659932 5.892323952822302 6.8009888021007825
832 0.502130037750174 0.9915159915159916 5.8990758382681845 6.751885445882344
833 0.5025464051814595 0.98986598986599 5.905839863787476 6.764025519291117
834 0.5029634636915342 0.9882159882159882 5.912616057685223 6.776193897747085
835 0.503381215002386 0.9865659865659866 5.919404448343406 6.788390658183374
836 0.5037958536552188 0.984930984930985 5.926143185291217 6.738736947810686
837 0.5042111759527331 0.9832959832959833 5.932893953957107 6.750768665890305
838 0.5046271835870854 0.9816609816609817 5.9396567821808794 6.762828223772388
839 0.5050438782560212 0.9800259800259801 5.946431697877394 6.774915696514228
840 0.5054612616628984 0.9783909783909784 5.953218729036767 6.787031159372958
841 0.5058754968334692 0.9767709767709768 5.959955470697138 6.736741660371415
842 0.5062942564909519 0.9751359751359752 5.9667667052599 6.811234562762003
843 0.5067098586582107 0.9735159735159735 5.973527483603287 6.760778343386953
844 0.5071261436973792 0.971895971895972 5.980300266275495 6.772782672207711
845 0.5075392493182472 0.9702909702909703 5.9870222032417715 6.721936966276765
846 0.507956898798122 0.9686709686709687 5.99381896563843 6.7967623966582735
847 0.5083713595490538 0.9670659670659671 6.000564714683642 6.745749045212079
848 0.5087903801889039 0.9654459654459655 6.007385566745731 6.8208520620896
849 0.5092023134102637 0.963855963855964 6.014091913878065 6.7063471323338675
850 0.5096188098452337 0.9622509622509623 6.020873418342286 6.781504464220767
851 0.5100359881753138 0.9606459606459606 6.02766689571459 6.793477372303514
852 0.5104499416555133 0.9590559590559591 6.034408715102352 6.74181938776286
853 0.5108645676242322 0.9574659574659575 6.041162338129262 6.75362302690985
854 0.5112798677215403 0.955875955875956 6.04792779151414 6.765453384877773
855 0.5116958435928453 0.9542859542859543 6.054705102046068 6.7773105319277605
856 0.5121124968889135 0.9526959526959528 6.061494296584577 6.789194538509236
857 0.5125258889898565 0.9511209511209512 6.068231184950157 6.736888365580285
858 0.5129438956794179 0.9495309495309495 6.07504411561479 6.8129306646325105
859 0.5133586316720005 0.947955947955948 6.081804569238548 6.760453623757989
860 0.5137740388691 0.9463809463809464 6.088576789312487 6.772220073939295
861 0.5141861530558884 0.9448209448209448 6.09529613693461 6.719347622122562
862 0.5146029011282165 0.9432459432459432 6.102091856637154 6.795719702544112
863 0.5150163466351888 0.9416859416859418 6.108834532182689 6.742675545535093
864 0.5154344420854704 0.9401109401109402 6.115653856854142 6.819324671453408
865 0.515849225374236 0.9385509385509386 6.122419964931049 6.766108076906363
866 0.5162606788628211 0.937005937005937 6.129132545347871 6.7125804168224334
867 0.516676793541947 0.9354459354459355 6.135921965367149 6.7894200192775145
868 0.5170935795528584 0.9338859338859339 6.142723136764251 6.801171397102124
869 0.5175070212835325 0.9323409323409324 6.14947052049113 6.747383726879441
870 0.5179211246772053 0.9307959307959308 6.156229481985673 6.758961494543136
871 0.518335891323515 0.9292509292509293 6.163000046868168 6.770564882494945
872 0.518751322817196 0.9277059277059277 6.169782240824573 6.782193956405003
873 0.5191633777633796 0.9261759261759263 6.176510073799933 6.7278329753595045
874 0.5195801372628179 0.9246309246309247 6.183315489696886 6.805415896953271
875 0.5199935104744997 0.9231009231009232 6.190066369859965 6.750880163078676
876 0.520407541961803 0.9215709215709216 6.196828755296801 6.762385436836382
877 0.5208222332983861 0.9200409200409201 6.203602671272311 6.773915975509581
878 0.5212375860629269 0.9185109185109186 6.210388143115578 6.785471843267388
879 0.5216495200297967 0.916995916995917 6.2171185021482795 6.730359032701472
880 0.5220661938830486 0.9154659154659155 6.223927048056774 6.808545908494779
881 0.5224794391073116 0.913950913950914 6.230680304924466 6.7532568676913485
882 0.5228933390642501 0.9124359124359125 6.237444991664518 6.764686740051928
883 0.5233078953111042 0.910920910920911 6.244221133180861 6.776141516342982
884 0.5237189951498334 0.9094209094209095 6.250941493920173 6.720360739312703
885 0.524134862131428 0.907905907905908 6.257740505920332 6.799012000159088
886 0.5245472628047361 0.9064059064059065 6.264483559837662 6.7430539173294335
887 0.5249603129606532 0.904905904905905 6.271237940607117 6.754380769455004
888 0.5253740141346767 0.9034059034059034 6.278003672704602 6.765732097485433
889 0.5257883678671479 0.9019059019059019 6.284780780667083 6.777107962480322
890 0.5262033757032715 0.9004059004059004 6.29156928909275 6.788508425667139
891 0.5266190391931346 0.8989058989058989 6.298369222641182 6.799933548432335
892 0.5270311934264388 0.8974208974208975 6.305112435441523 6.74321280034107
893 0.5274439933035644 0.895935895935896 6.311866894280218 6.7544588386949656
894 0.527857440342812 0.8944508944508945 6.318632623263158 6.765728982940367
895 0.5282715360672469 0.892965892965893 6.325409646555834 6.777023292675821
896 0.528686282004717 0.8914808914808915 6.332197988383473 6.788341827638433
897 0.5290974804881882 0.8900108900108901 6.338928932558911 6.7309441754384025
898 0.5295135248479765 0.8885258885258885 6.3457398694301945 6.810936871283424
899 0.5299260116562642 0.8870558870558871 6.352493228187478 6.753358757283223
900 0.5303391416134206 0.8855858855858856 6.359257773034053 6.764544846575404
901 0.5307529162248145 0.8841158841158842 6.366033527759018 6.7757547249645
902 0.5311631049489047 0.8826608826608827 6.372751204415466 6.71767665644829
903 0.5315781667870693 0.8811908811908812 6.379549335503074 6.7981310876081835
904 0.5319896325756729 0.8797358797358797 6.386289207090416 6.739871587341462
905 0.5324017358443554 0.8782808782808783 6.393040154266099 6.750947175683031
906 0.5328187364830411 0.8768108768108769 6.3998719700790385 6.831815812939901
907 0.533227860757003 0.8753708753708754 6.40657536884246 6.703398763421298
908 0.533641885380012 0.873915873915874 6.4133596831149084 6.784314272448633
909 0.5340565534412236 0.8724608724608724 6.4201551667195345 6.795483604626007
910 0.5344675815691877 0.8710208710208711 6.42689161413129 6.736447411755719
911 0.5348835343427665 0.8695658695658696 6.433709391437234 6.817777305943906
912 0.5352958368930543 0.8681258681258681 6.440467949076332 6.758557639098051
913 0.5357087755613698 0.8666858666858668 6.447237539174586 6.7695900982540635
914 0.5361180404437131 0.8652608652608653 6.45394749602445 6.709956849864085
915 0.5365322491078801 0.8638208638208639 6.4607391048081615 6.791608783711212
916 0.5369470983081317 0.8623808623808624 6.467541815209667 6.802710401505152
917 0.5373582581837058 0.860955860955861 6.474284615604537 6.742800394870407
918 0.5377700482218883 0.8595308595308596 6.481038332879818 6.753717275280735
919 0.5381824698725153 0.8581058581058582 6.487802989668552 6.764656788734058
920 0.5385955245898725 0.8566808566808567 6.494578608657653 6.775618989101062
921 0.539009213832715 0.8552558552558553 6.50136521258806 6.786603930406976
922 0.5394191744289164 0.8538458538458539 6.50809121304336 6.726000455300252
923 0.5398341303992239 0.8524208524208524 6.514899739065301 6.8085260219410415
924 0.5402453472673552 0.851010851010851 6.521647475648607 6.747736583306185
925 0.5406571910992599 0.8496008496008496 6.5284060562448945 6.758580596287089
926 0.5410696633298867 0.8481908481908482 6.535175503146709 6.769446901814469
927 0.5414827653985669 0.8467808467808469 6.54195583869916 6.7803355524507225
928 0.5418964987490307 0.8453708453708454 6.5487470853000485 6.791246600888812
929 0.5423064533447869 0.843975843975844 6.555476844165197 6.729758865148483
930 0.5427170286864226 0.8425808425808426 6.562217326931757 6.740482766559808
931 0.5431326510494148 0.8411708411708412 6.569041207771992 6.823880840235219
932 0.5435444788327262 0.8397758397758398 6.575803319823295 6.762112051302616
933 0.5439569316229135 0.8383808383808384 6.5825762216960415 6.772901872746928
934 0.5443655657950821 0.837000837000837 6.58928693464897 6.710712952928688
935 0.5447792661162211 0.8356058356058357 6.596081365597661 6.794430948691144
936 0.5451935957134656 0.8342108342108342 6.602886652276446 6.805286678784661
937 0.5456040907253213 0.8328308328308329 6.609629466811996 6.742814535550146
938 0.5460152043545848 0.8314508314508315 6.61638294804795 6.753481235953984
939 0.5464269380006983 0.8300708300708302 6.62314711752826 6.764169480310223
940 0.5468392930673286 0.8286908286908288 6.629921996846667 6.77487931840659
941 0.5472522709623824 0.8273108273108274 6.636707607646822 6.785610800155162
942 0.5476613740618551 0.825945825945826 6.643430040217547 6.722432570724912
943 0.5480755950462686 0.8245658245658246 6.650237061876683 6.807021659136048
944 0.5484859304990843 0.8232008232008232 6.656980715176686 6.7436533000027055
945 0.5488968808354658 0.8218358218358218 6.663734952661554 6.754237484868142
946 0.5493084474385447 0.8204708204708205 6.670499795518781 6.764842857227116
947 0.5497206316956039 0.8191058191058191 6.677275264984327 6.775469465545747
948 0.5501334349980938 0.8177408177408177 6.6840613823427555 6.7861173584287116
949 0.5505468587416468 0.8163758163758165 6.690858168927341 6.79678658458549
950 0.5509563509904001 0.8150258150258151 6.697590780507216 6.732611579875147
951 0.5513664528465424 0.8136758136758138 6.704333869759821 6.743089252604584
952 0.5517771656723632 0.8123258123258124 6.711087457464094 6.753587704273478
953 0.5521930645586123 0.810960810960811 6.717926780358611 6.8393228945167195
954 0.5526004297025239 0.8096258096258097 6.724626211578816 6.699431220204666
955 0.5530129836518138 0.8082758082758084 6.731411419782863 6.785208204047599
956 0.5534261540607132 0.806925806925807 6.738207210026011 6.795790243147692
957 0.553835341265371 0.8055908055908056 6.744937918403377 6.730708377365779
958 0.5542497418579246 0.8042408042408042 6.751754817656698 6.816899253321296
959 0.5546601482940855 0.8029058029058029 6.758506441741741 6.751624085042707
960 0.5550711629696115 0.8015708015708016 6.765268496038991 6.762054297250408
961 0.5554827872376591 0.8002358002358003 6.772041001054578 6.772505015587349
962 0.5558950224554019 0.7989007989007989 6.778823977340597 6.782976286018538
963 0.5563032278414467 0.7975807975807976 6.785541056035576 6.717078694978618
964 0.5567166821434059 0.7962457962457963 6.792344918470175 6.80386243459985
965 0.5571260955895625 0.794925794925795 6.799082689049687 6.737770579511526
966 0.5575361116500632 0.7936057936057936 6.805830777278858 6.7480882291715005
967 0.557951401268448 0.7922707922707923 6.812666063024493 6.835285745634856
968 0.5583626334418232 0.790950790950791 6.8194349646852 6.768901660707094
969 0.558769788851861 0.7896457896457897 6.826137148982819 6.702184297618707
970 0.5591822287236541 0.7883257883257884 6.832926709152311 6.789560169491615
971 0.5595952779064849 0.787005787005787 6.839726687865854 6.799978713543098
972 0.56000423363624 0.7857007857007857 6.846459655614609 6.732967748755314
973 0.5604137875379541 0.7843957843957844 6.853202845993972 6.7431903793631065
974 0.5608286588217876 0.7830757830757831 6.860033964000249 6.831118006276782
975 0.5612394199248051 0.7817707817707819 6.866797776899875 6.7638128996261315
976 0.5616507831666352 0.7804657804657805 6.873571871933396 6.774095033520666
977 0.5620580111894621 0.7791757791757792 6.880278228770614 6.706356837217875
978 0.5624705757285829 0.7778707778707779 6.887072828897444 6.794600126830197
979 0.5628789938415347 0.7765807765807766 6.8937994940498415 6.726665152397615
980 0.5632927649478334 0.7752757752757753 6.900614678086203 6.815184036361721
981 0.5637023783754532 0.7739857739857741 6.907361729634132 6.747051547928429
982 0.5641125879593432 0.7726957726957727 6.914118944620048 6.7572149859165265
983 0.5645233950019307 0.7714057714057715 6.920886342465412 6.767397845363732
984 0.5649348008094394 0.7701157701157701 6.927663942633846 6.777600168434539
985 0.5653468066919037 0.7688257688257688 6.9344517646312385 6.7878219973920295
986 0.5657546127434091 0.7675507675507676 6.941170721832181 6.718957200942732
987 0.5661678157053976 0.7662607662607663 6.947978926748347 6.808204916166183
988 0.5665768074951387 0.764985764985765 6.954718068174948 6.739141426600703
989 0.5669863906120568 0.7637107637107637 6.961467271282378 6.749203107429658
990 0.5674013954683874 0.7624207624207625 6.968306136166445 6.838864884067597
991 0.5678121720881427 0.7611457611457612 6.975075638723902 6.769502557456342
992 0.5682187007780058 0.7598857598857599 6.981775441269591 6.699802545689693
993 0.5686306620744008 0.7586107586107587 6.988565081885037 6.789640615445514
994 0.5690432211520404 0.7573357573357574 6.995364879778744 6.799797893707549
995 0.5694515151411614 0.7560757560757561 7.002094677615633 6.729797836888984
996 0.5698603954607155 0.7548157548157548 7.00883443254585 6.739754930216613
997 0.5702747415369719 0.7535407535407536 7.015664577318622 6.830144772772329
998 0.570684805330658 0.7522807522807523 7.022424421521727 6.7598442031044925
999 0.5710954592725722 0.751020751020751 7.029194279112807 6.769857591080175
1000 0.5715067046376101 0.7497607497607498 7.035974168862254 6.779889749447321
1001 0.571913636379234 0.7485157485157485 7.042683217764348 6.709048902093784
1002 0.5723260613511258 0.7472557472557473 7.049483108311474 6.79989054712582
1003 0.5727341611641177 0.746010746010746 7.056211956754318 6.728848442843827
1004 0.5731477708254883 0.7447507447507448 7.063031922761557 6.819966007238776
1005 0.5735570437463866 0.7435057435057435 7.069780644674567 6.748721913010236
1006 0.5739669015915544 0.7422607422607423 7.0765392714205255 6.758626745958729
1007 0.5743773456158308 0.7410157410157411 7.08330782137683 6.768549956304604
1008 0.5747883770776465 0.7397707397707398 7.090086312959469 6.778491582639212
1009 0.5751999972390373 0.7385257385257386 7.09687476462312 6.788451663650719
1010 0.5756072374623984 0.7372957372957373 7.1035912266024654 6.7164619793453895
1011 0.5760200316926538 0.7360507360507361 7.110399533389782 6.808306787316809
1012 0.5764284343208138 0.7348207348207348 7.1171356474898495 6.7361141000672475
1013 0.576837416481069 0.7335907335907337 7.123881555106398 6.745907616548585
1014 0.5772519776672531 0.7323457323457324 7.130719721670503 6.838166564104853
1015 0.5776621297037631 0.7311157311157311 7.137485390287609 6.765668617106257
1016 0.5780678525162452 0.72990072990073 7.144178219064073 6.6928287764636
1017 0.5784791651843123 0.7286707286707287 7.150963480942688 6.785261878615501
1018 0.5788910635918257 0.7274407274407275 7.157758626623143 6.795145680454695
1019 0.5792985151405612 0.7262257262257262 7.16448062617498 6.7219995518366105
1020 0.5797115816055012 0.7249957249957251 7.171295472918434 6.814846743454339
1021 0.5801201894210336 0.7237807237807238 7.17803696884609 6.74149592765616
1022 0.5805293736546218 0.7225657225657226 7.184788179679898 6.751210833807697
1023 0.5809391355268455 0.7213507213507214 7.191549123077786 6.760943397888575
1024 0.5813494762617331 0.7201357201357201 7.198319816733933 6.770693656146243
1025 0.5817603970867737 0.718920718920719 7.2051002783788345 6.7804616449018695
1026 0.5821718992329296 0.7177057177057178 7.2118905257793875 6.790247400553007
1027 0.582583983934648 0.7164907164907165 7.218690576738973 6.8000509595851355
1028 0.5829915541929086 0.7152907152907153 7.22541631664965 6.725739910677042
1029 0.5833996951150144 0.7140907140907141 7.232151654174878 6.735337525228147
1030 0.5838135204340774 0.7128757128757129 7.238980979394432 6.82932521955415
1031 0.5842228134563007 0.7116757116757118 7.245735684467394 6.75470507296172
1032 0.5846326807656825 0.7104757104757105 7.252500039248819 6.764354781425119
1033 0.5850431235717621 0.7092757092757093 7.259274061101716 6.774021852897327
1034 0.5854541430874775 0.7080757080757081 7.266057767424341 6.783706322624816
1035 0.5858605919892858 0.7068907068907069 7.272766198097099 6.708430672757615
1036 0.586272761329879 0.7056907056907057 7.279569204095111 6.803005998012424
1037 0.586680348066065 0.7045057045057045 7.2862967273024015 6.727523207290531
1038 0.5870936720632371 0.7033057033057033 7.293119102119208 6.822374816806587
1039 0.5875024014184672 0.7021207021207021 7.299865786277878 6.746684158669858
1040 0.5879117002776122 0.700935700935701 7.306622016184658 6.756229906780042
1041 0.588321569831781 0.6997506997506998 7.313387808831488 6.765792646829638
1042 0.5887320112754068 0.6985656985656986 7.320163181244376 6.775372412888281
1043 0.5891430258062578 0.6973806973806974 7.3269481504834735 6.784969239097549
1044 0.5895494010466871 0.6962106962106962 7.333656666113141 6.708515629667566
1045 0.5899615580664345 0.6950256950256951 7.340460758302858 6.804092189717004
1046 0.5903690636855361 0.6938556938556939 7.347188188250145 6.727429947287256
1047 0.5907823679644396 0.6926706926706927 7.354011471174618 6.823282924472984
1048 0.5911910086851958 0.6915006915006915 7.360757882499036 6.746411324417778
1049 0.5916002151060533 0.6903306903306904 7.367513749078649 6.755866579612579
1050 0.5920099884025127 0.6891606891606892 7.3742790875644175 6.765338485768879
1051 0.5924203297533337 0.6879906879906881 7.381053914640293 6.7748270758754
1052 0.5928312403405462 0.6868206868206869 7.3878382470232875 6.7843323829945845
1053 0.5932427213494624 0.6856506856506857 7.394632101463544 6.793854440256375
1054 0.5936494876206148 0.6844956844956845 7.401348211320668 6.716109857124231
1055 0.594062105690883 0.6833256833256833 7.408161037643728 6.812826323059795
1056 0.5944699967720246 0.6821706821706822 7.414895908963886 6.734871320158042
1057 0.5948784483650938 0.681015681015681 7.4216401249465145 6.744215982628532
1058 0.5952874616262436 0.6798606798606799 7.428393701865046 6.753576918531401
1059 0.5956970377148085 0.6787056787056788 7.435156656024771 6.762954159724721
1060 0.5961071777933163 0.6775506775506775 7.441929003762889 6.7723477381180786
1061 0.5965178830274983 0.6763956763956764 7.448710761448588 6.781757685699219
1062 0.5969291545863008 0.6752406752406753 7.455501945483094 6.791184034506514
1063 0.5973409936418961 0.6740856740856741 7.462302572299763 6.800626816668931
1064 0.5977480417754569 0.672945672945673 7.469024154991974 6.721582692210681
1065 0.5981556450397295 0.6718056718056719 7.475754968695577 6.730813703603289
1066 0.5985691788041653 0.6706506706506706 7.482583776018916 6.828807323338459
1067 0.5989779030840805 0.6695106695106695 7.489333221442974 6.749445424058642
1068 0.5993871859282928 0.6683706683706684 7.496091945862119 6.758724419144713
1069 0.59979702848259 0.6672306672306673 7.502859965262892 6.768019400772651
1070 0.6002074318958951 0.6660906660906661 7.509637295662751 6.777330399859061
1071 0.6006183973202783 0.664950664950665 7.516423953110113 6.786657447362288
1072 0.6010245073998212 0.6638256638256639 7.523130471895875 6.706518785762228
1073 0.6014365928823516 0.6626856626856628 7.529935708455164 6.805236559288552
1074 0.6018438105417864 0.6615606615606616 7.536660593300695 6.724884845531243
1075 0.6022570206676747 0.6604206604206605 7.543484472690495 6.823879389799892
1076 0.6026653504442251 0.6592956592956594 7.550227786596819 6.743313906324211
1077 0.6030742342909559 0.6581706581706582 7.5569802775022294 6.752490905410191
1078 0.6034836733363749 0.6570456570456571 7.563741961038637 6.761683536407936
1079 0.6038936687120565 0.655920655920656 7.57051285286781 6.770891829172676
1080 0.6043042215526525 0.6547956547956548 7.577292968681426 6.780115813615595
1081 0.6047153329959019 0.6536706536706537 7.584082324201136 6.78935551971005
1082 0.605127004182642 0.6525456525456526 7.590880935178622 6.798610977486241
1083 0.6055337361347775 0.6514356514356515 7.597597984579763 6.71704940114104
1084 0.6059465227421046 0.6503106503106504 7.60441502991678 6.817045337016658
1085 0.6063543574789944 0.6492006492006492 7.6111502987023085 6.735268785528881
1086 0.6067627415752426 0.6480906480906481 7.6178946389975914 6.744340295282925
1087 0.6071716761415902 0.6469806469806471 7.624648066076741 6.75342707914961
1088 0.6075811622917742 0.6458706458706459 7.631410595242649 6.762529165907694
1089 0.6079912011425382 0.6447606447606448 7.63818224182709 6.771646584441626
1090 0.6084017938136427 0.6436506436506437 7.644963021190734 6.780779363643852
1091 0.6088129414278748 0.6425406425406426 7.65175294872324 6.789927532505402
1092 0.6092246451110587 0.6414306414306414 7.658552039843285 6.7990911200457305
1093 0.6096313311801133 0.6403356403356404 7.665268245097219 6.7162052539337935
1094 0.6100441428383186 0.6392256392256392 7.672085585411341 6.817340314121623
1095 0.6104519241158664 0.6381306381306382 7.678819823400686 6.73423798934536
1096 0.6108602509172075 0.637035637035637 7.685563038880141 6.743215479454889
1097 0.6112691243377657 0.635940635940636 7.69231524679093 6.752207910788677
1098 0.6116785454758986 0.6348456348456348 7.699076462102106 6.7612153111760165
1099 0.6120885154329092 0.6337506337506338 7.705846699810581 6.770237708475513
1100 0.6124990353130547 0.6326556326556327 7.7126259749412025 6.779275130621265
1101 0.6129101062235567 0.6315606315606316 7.719414302546799 6.788327605596223
1102 0.6133217292746114 0.6304656304656305 7.726211697708225 6.797395161425968
1103 0.6137282555861602 0.6293856293856294 7.732924874686645 6.713176978419888
1104 0.6141409786591938 0.6282906282906283 7.73974032558492 6.815450898275621
1105 0.614548592098495 0.6272106272106273 7.746471340439973 6.731014855052564
1106 0.6149567469739485 0.6261306261306262 7.753211234676708 6.7398942367349335
1107 0.615371124542625 0.625035625035625 7.76005381875952 6.842584082812131
1108 0.6157803730893855 0.623955623955624 7.766811639432081 6.757820672561365
1109 0.6161901663345398 0.6228756228756229 7.773578383582368 6.766744150286996
1110 0.6166005053662795 0.6217956217956219 7.780354065895333 6.775682312964548
1111 0.6170056807769837 0.6207306207306208 7.787044408662627 6.6903427672944105
1112 0.6174171070398586 0.6196506196506196 7.793837886812591 6.793478149964116
1113 0.6178290823560812 0.6185706185706186 7.800640347137004 6.802460324412785
1114 0.6182358745326132 0.6175056175056175 7.807357139176907 6.716792039902941
1115 0.6186489435940076 0.6164256164256164 7.814177482990711 6.820343813804364
1116 0.6190568164723755 0.6153606153606154 7.820911938988047 6.734455997335687
1117 0.619465227523611 0.6142956142956143 7.827655186683629 6.743247695581545
1118 0.6198741778135652 0.6132306132306132 7.834407240366222 6.752053682593129
1119 0.6202894397478149 0.6121506121506122 7.841263400986135 6.856160619912899
1120 0.6206937003871271 0.6111006111006111 7.847937822977138 6.674421991003321
1121 0.6211042748165567 0.61003561003561 7.854716380612786 6.778557635648497
1122 0.621515392776368 0.608970608970609 7.8615038016501995 6.787421037413033
1123 0.6219270553465879 0.6079056079056079 7.86830010050824 6.796298858040117
1124 0.622333454066144 0.6068556068556069 7.875009382063553 6.70928155531314
1125 0.6227462014000593 0.6057906057906058 7.881823354376565 6.813972313012506
1126 0.6231536717185785 0.6047406047406048 7.888550088624268 6.726734247703092
1127 0.6235675081095036 0.6036756036756037 7.895381791567042 6.831702942773354
1128 0.6239760542709957 0.6026256026256026 7.902126034978253 6.744243411211492
1129 0.6243851361223396 0.6015756015756016 7.908878991921724 6.752956943470778
1130 0.6247947547178299 0.6005256005256006 7.915640676390931 6.7616844692066636
1131 0.6252049111145289 0.5994755994755995 7.922411102404382 6.770426013451569
1132 0.6256156063722766 0.5984255984255985 7.9291902840057045 6.779181601322293
1133 0.6260268415537 0.5973755973755974 7.935978235263678 6.787951257973823
1134 0.6264327313935198 0.5963405963405963 7.9426778121473145 6.699576883636205
1135 0.6268450418701564 0.5952905952905954 7.949483219242351 6.805407095036742
1136 0.6272578954598401 0.5942405942405943 7.956297438149489 6.81421890713807
1137 0.6276653837173394 0.5932055932055932 7.963022948760128 6.72551061063853
1138 0.6280734017557181 0.5921705921705922 7.969757048577606 6.734099817478523
1139 0.628487875514025 0.5911205911205911 7.976597534859201 6.8404862815949485
1140 0.6288969639339809 0.5900855900855901 7.983348978948206 6.751444089005076
1141 0.6293065852594854 0.589050589050589 7.9901090533715475 6.760074423341145
1142 0.6297167405325141 0.5880155880155881 7.99687777182087 6.768718449322364
1143 0.6301274307977611 0.586980586980587 8.00365514801204 6.777376191170248
1144 0.6305386571026468 0.585945585945586 8.010441195685141 6.786047673100981
1145 0.630944449071375 0.584925584925585 8.017137392124823 6.696196439682112
1146 0.6313567428020525 0.5838905838905839 8.023940697907673 6.803305782849378
1147 0.6317635887745606 0.5828705828705829 8.030653929147944 6.7132312402709005
1148 0.632176954092528 0.5818355818355818 8.037474547493623 6.820618345679819
1149 0.6325848581806588 0.5808155808155808 8.044204867292564 6.730319798940343
1150 0.6329992992690749 0.5797805797805798 8.051042852845448 6.837985552884618
1151 0.6334082656060868 0.5787605787605787 8.057790315150019 6.747462304570462
1152 0.6338177607322885 0.5777405777405777 8.064546306235645 6.7559910856260785
1153 0.6342277856739216 0.5767205767205767 8.071310839462837 6.764533227192615
1154 0.6346383414598854 0.5757005757005758 8.078083928215397 6.773088752559886
1155 0.6350494291217449 0.5746805746805747 8.084865585900456 6.781657685058562
1156 0.6354549925842329 0.5736755736755736 8.09155590723516 6.690321334703597
1157 0.6358671392435972 0.5726555726555727 8.098354616593497 6.798709358337263
1158 0.6362798208743257 0.5716355716355717 8.105161935047775 6.807318454278288
1159 0.6366869579003062 0.5706305706305707 8.111877579137442 6.715644089666739
1160 0.6371007046977941 0.5696105696105697 8.118702029208926 6.824450071484023
1161 0.6375088932579542 0.5686055686055687 8.125434579262524 6.732550053598629
1162 0.6379176052038819 0.5676005676005677 8.132175539240189 6.740959977664218
1163 0.638326841542863 0.5665955665955666 8.13892492214507 6.74938290488214
1164 0.63874272311625 0.5655755655755657 8.145783667931545 6.858745786473719
1165 0.6391530191381779 0.5645705645705646 8.15255006199322 6.766394061674674
1166 0.6395577070298335 0.5635805635805636 8.15922373879015 6.67367679693065
1167 0.6399690510657415 0.5625755625755626 8.166006943883174 6.783205093023881
1168 0.6403809245700958 0.5615705615705616 8.172798637255337 6.79169337216301
1169 0.6407933285658262 0.5605655605655606 8.179598832044533 6.800194789196468
1170 0.6412000969495516 0.5595755595755596 8.186305856226058 6.707024181524801
1171 0.641613557051372 0.5585705585705586 8.193122965976425 6.817109750366868
1172 0.6420213677765302 0.5575805575805576 8.199846678265024 6.723712288598804
1173 0.6424358880464405 0.5565755565755566 8.206680755013084 6.834076748059914
1174 0.6428447451246606 0.5555855555855556 8.213421206756164 6.740451743080911
1175 0.6432541229414238 0.5545955545955547 8.220169984413015 6.748777656850891
1176 0.6436640224922181 0.5536055536055536 8.226927100692926 6.757116279910491
1177 0.6440744447750696 0.5526155526155526 8.233692568326731 6.7654676338051445
1178 0.6444853907905524 0.5516255516255516 8.240466400066852 6.773831740121139
1179 0.6448968615417952 0.5506355506355507 8.247248608687341 6.782208620489172
1180 0.6453088580344905 0.5496455496455497 8.254039206983926 6.790598296584349
1181 0.6457151269896925 0.5486705486705487 8.26073512985642 6.695922872493654
1182 0.6461281699887379 0.5476805476805477 8.267542418378287 6.80728852186796
1183 0.6465417417464014 0.5466905466905467 8.274358134898803 6.81571652051538
1184 0.6469495650553725 0.5457155457155457 8.281078832935297 6.720698036493999
1185 0.6473579031797605 0.5447405447405448 8.287807730332768 6.7288973974708455
1186 0.647773051189021 0.5437505437505438 8.294648551474321 6.840821141553377
1187 0.6481824298309408 0.5427755427755429 8.301394011276516 6.745459802194986
1188 0.6485923262370776 0.5418005418005418 8.308147707733566 6.75369645705004
1189 0.6490027413903211 0.5408255408255408 8.314909653254889 6.761945521322588
1190 0.6494136762760505 0.5398505398505399 8.321679860270654 6.770207015765806
1191 0.6498251318821424 0.5388755388755389 8.32845834123181 6.778480961155964
1192 0.6502371091989786 0.5379005379005379 8.335245108610145 6.786767378335057
1193 0.6506432591013697 0.536940536940537 8.341935572498633 6.690463888487486
1194 0.6510562747564396 0.535965535965536 8.348738822247242 6.803249748609019
1195 0.6514698150931374 0.5349905349905351 8.355550395760723 6.811573513481051
1196 0.6518775068789443 0.534030534030534 8.362265320702504 6.714924941780609
1197 0.652292091472316 0.5330555330555331 8.369093450892267 6.8281301897634705
1198 0.652700813396567 0.5320955320955321 8.375824702197942 6.731251305675201
1199 0.65311004784689 0.5311355311355311 8.38256407155561 6.739369357667613
1200 0.65351979578793 0.5301755301755302 8.389311571029495 6.747499473885199
1201 0.6539300581867546 0.5292155292155293 8.396067212703716 6.75564167422138
1202 0.6543408360128617 0.5282555282555282 8.402831008682305 6.7637959785891155
1203 0.654752130238186 0.5272955272955273 8.409602971089267 6.771962406961762
1204 0.6551639418371078 0.5263355263355264 8.416383112068592 6.780140979325111
1205 0.6555762717864602 0.5253755253755255 8.423171443784309 6.788331715716467
1206 0.6559891210655373 0.5244155244155244 8.429967978420521 6.796534636212215
1207 0.6563960277498262 0.5234705234705235 8.436666340726404 6.698362305883165
1208 0.6568099104832879 0.5225105225105225 8.443479189189874 6.812848463470189
1209 0.6572243154837603 0.5215505215505216 8.450300277055401 6.82108786552682
1210 0.6576327564573025 0.5206055206055207 8.457022844635873 6.722567580471406
1211 0.6580417054089108 0.5196605196605197 8.463753419750342 6.730575114469062
1212 0.6584576667265863 0.5187005187005187 8.470599040670002 6.845620919660789
1213 0.6588676425823947 0.5177555177555178 8.477345793652976 6.746752982973447
1214 0.6592781292832519 0.5168105168105168 8.484100589624205 6.754795971229299
1215 0.6596891277845506 0.5158655158655159 8.490863440377964 6.762850753759153
1216 0.6601006390440677 0.5149205149205149 8.4976343577277 6.770917349735228
1217 0.6605126640219713 0.513975513975514 8.50441335350608 6.778995778381258
1218 0.6609252036808283 0.5130305130305131 8.511200439565005 6.78708605892453
1219 0.6613316985197398 0.5121005121005121 8.517887704301822 6.6872647368168
1220 0.6617452622300573 0.5111555111555112 8.524690877667405 6.803173365582893
1221 0.662159343508084 0.5102105102105102 8.531502176795847 6.811299128441917
1222 0.6625673583214237 0.5092805092805093 8.53821330496577 6.711128169923697
1223 0.6629824694000135 0.5083355083355083 8.545040761973274 6.8274570075033125
1224 0.6633914995581809 0.5074055074055074 8.551767814711845 6.727052738570549
1225 0.6638010347340877 0.5064755064755065 8.558502783256756 6.734968544911624
1226 0.6642110758636081 0.5055455055455056 8.565245679051309 6.742895794552339
1227 0.6646282497861556 0.5046005046005047 8.572105463102323 6.859784051014728
1228 0.6650393138383515 0.5036705036705037 8.578864376122489 6.7589130201657355
1229 0.6654508866809207 0.5027405027405027 8.585631251017938 6.766874895449249
1230 0.6658629692590735 0.5018105018105018 8.592406099305796 6.774848287857793
1231 0.6662689037333749 0.500895500895501 8.599079468569352 6.673369263555884
1232 0.6666820003680087 0.4999654999655 8.605870169200006 6.790700630654456
1233 0.6670956095725648 0.49903549903549904 8.61266887769855 6.798708498543249
1234 0.6675097323016292 0.49810549810549815 8.619475605655861 6.806727957311409
1235 0.6679176777280623 0.49719049719049724 8.626180385430203 6.704779774342029
1236 0.6683328220582132 0.4962604962604963 8.633003057338794 6.8226719085906495
1237 0.6687417744679485 0.4953454953454954 8.639723546435002 6.720489096208482
1238 0.6691512276595275 0.49443049443049447 8.646451843079625 6.728296644622489
1239 0.6695679073102828 0.4935004935004935 8.653298451720302 6.846608640676877
1240 0.6699783730764901 0.4925854925854926 8.6600425253114 6.744073591098854
1241 0.6703893424077325 0.4916704916704917 8.66679444006821 6.751914756810251
1242 0.6708008162312494 0.4907554907554908 8.67355420717097 6.759767102758829
1243 0.6712127954765581 0.4898404898404899 8.680321837817578 6.76763064660868
1244 0.6716252810754612 0.4889254889254889 8.687097343223622 6.775505406043436
1245 0.6720382739620526 0.488010488010488 8.693880734622411 6.783391398789362
1246 0.6724517750727257 0.4870954870954871 8.700672023265009 6.791288642597593
1247 0.6728589941824553 0.4861954861954862 8.707359694350494 6.687671085485292
1248 0.6732735061897461 0.4852804852804853 8.71416668138122 6.8069870307265745
1249 0.6736885292286797 0.4843654843654844 8.72098159933032 6.814917949100163
1250 0.6740972480626426 0.4834654834654835 8.727692545259307 6.710945928986689
1251 0.6745064631273928 0.4825654825654826 8.73441118595307 6.718640693762268
1252 0.6749230080808613 0.4816504816504817 8.741249703335713 6.838517382643516
1253 0.6753332266305768 0.48075048075048077 8.747983894698404 6.734191362690822
1254 0.6757439441456526 0.47985047985047985 8.754725813481304 6.7419187829003135
1255 0.6761620194004601 0.47893547893547894 8.761588030449982 6.862216968677615
1256 0.6765737459354791 0.4780354780354781 8.768345565911611 6.7575354616291605
1257 0.6769859741905608 0.47713547713547716 8.77511086160246 6.765295690849271
1258 0.6773987050833404 0.47623547623547624 8.781883928432471 6.773066830010777
1259 0.6778050481614859 0.47535047535047537 8.788551699351338 6.667770918866722
1260 0.6782187786759664 0.47445047445047445 8.795340211284222 6.788511932883878
1261 0.6786330145790876 0.4735504735504736 8.802136527005333 6.796315721111057
1262 0.6790477567974446 0.47265047265047266 8.808940657492471 6.804130487138238
1263 0.6794560812738999 0.4717654717654718 8.815639016949012 6.69835945654107
1264 0.679871830434357 0.47086547086547087 8.822458679266843 6.819662317830932
1265 0.6802811468735268 0.46998046998047 8.829172333003937 6.713653737094205
1266 0.6806979066476343 0.4690804690804691 8.836007570535969 6.835237532031968
1267 0.68110821866865 0.4681954681954682 8.842736561280029 6.7289907440599706
1268 0.6815190256449051 0.4673104673104673 8.849473171970402 6.736610690373013
1269 0.6819303284725291 0.46642546642546645 8.85621741315859 6.744241188187061
1270 0.6823491119899777 0.46552546552546553 8.863083800008168 6.866386849578632
1271 0.6827614176599148 0.46464046464046466 8.869843463691515 6.759663683347128
1272 0.6831742218979419 0.4637554637554638 8.876610789804191 6.767326112676386
1273 0.6835875256089232 0.4628704628704629 8.883385788962876 6.774999158684736
1274 0.6839943118976142 0.462000462000462 8.890053447003602 6.66765804072611
1275 0.6844086087738533 0.46111546111546114 8.896843693668409 6.790246664806432
1276 0.6848234078353463 0.46023046023046027 8.903641645146244 6.797951477835795
1277 0.6852387099957241 0.45934545934545934 8.910447312118867 6.805666972622859
1278 0.6856474644045762 0.4584754584754585 8.917145159618913 6.697847500046095
1279 0.6860637669466495 0.45759045759045763 8.923966158468648 6.82099884973475
1280 0.6864735065582311 0.45672045672045675 8.930679098709389 6.71294024074065
1281 0.6868908131009442 0.45583545583545587 8.93751547163495 6.836372925560497
1282 0.6873015414814387 0.454965454965455 8.944243546163078 6.728074528128403
1283 0.6877127613483035 0.4540954540954541 8.950979138600369 6.73559243729116
1284 0.6881244735842512 0.45322545322545327 8.957722259203313 6.7431206029446855
1285 0.6885437903960439 0.45234045234045234 8.964589375084673 6.867115881359354
1286 0.6889564985542234 0.4514704514704515 8.971347713091216 6.758338006543241
1287 0.6893697017576876 0.4506004506004506 8.978113610303819 6.765897212602567
1288 0.689783400897685 0.44973044973044973 8.984887077041419 6.7734667376004865
1289 0.6901975968676041 0.4488604488604489 8.991668123638567 6.781046597147622
1290 0.6906051364498993 0.448005448005448 8.99833965062055 6.671526981984144
1291 0.6910203201638548 0.4471354471354472 9.005135756870692 6.79610625014071
1292 0.691436003385274 0.4462654462654463 9.011939473898819 6.80371702812721
1293 0.691845007191736 0.44541044541044544 9.01863331061103 6.69383671221091
1294 0.692261683485181 0.44454044454044456 9.025452148734397 6.818838123367144
1295 0.6926716649903994 0.4436854436854437 9.032160865963125 6.708717228727679
1296 0.6930893379188169 0.44281544281544283 9.038994866178525 6.834000215400593
1297 0.693500300632681 0.441960441960442 9.045718504274218 6.723638095692763
1298 0.6939189737760819 0.4410904410904411 9.052567707701641 6.849203427423234
1299 0.6943309212253008 0.44023544023544026 9.059306307136017 6.738599434376269
1300 0.694743358073169 0.4393804393804394 9.066052337229273 6.746030093255584
1301 0.6951562851923222 0.43852543852543857 9.072805807968868 6.753470739594647
1302 0.6955697034574718 0.4376704376704377 9.079566729357182 6.760921388314856
1303 0.6959836137454117 0.43681543681543683 9.086335111411463 6.768382054280764
1304 0.6963980169350239 0.435960435960436 9.093110964163921 6.775852752458178
1305 0.6968129139072847 0.43510543510543515 9.099894297661699 6.783333497777377
1306 0.6972283055452714 0.43425043425043425 9.106685121966931 6.79082430523259
1307 0.6976368921919703 0.43341043341043345 9.113364113593423 6.678991626491992
1308 0.6980532671019731 0.43255543255543255 9.120169817901418 6.805704307994986
1309 0.6984701393239781 0.4317004317004317 9.126983043115946 6.813225214527208
1310 0.6988801831627015 0.43086043086043085 9.133684072008425 6.701028892479144
1311 0.6992980439215555 0.43000543000543 9.140512237028627 6.828165020202448
1312 0.6997090606816292 0.42916542916542916 9.147227963209799 6.715726181171888
1313 0.7001279134977095 0.4283104283104283 9.154071107934454 6.843144724655303
1314 0.7005399066459587 0.4274704274704275 9.160801570661109 6.7304627266544514
1315 0.7009523849578272 0.42663042663042666 9.167539351038371 6.737780377262581
1316 0.7013653492908137 0.4257904257904258 9.174284458750257 6.745107711886078
1317 0.7017788005044391 0.42495042495042495 9.181036903494995 6.7524447447375735
1318 0.702192739460252 0.42411042411042416 9.187796694985053 6.75979149005812
1319 0.702607167021835 0.4232704232704233 9.194563842947154 6.767147962101205
1320 0.7030220840548105 0.42243042243042245 9.201338357122314 6.774514175159396
1321 0.703437491426847 0.4215904215904216 9.208120247265857 6.781890143543023
1322 0.703853390007665 0.4207504207504208 9.214909523147433 6.7892758815766285
1323 0.7042697806690428 0.41991041991041994 9.221706194551057 6.796671403623833
1324 0.7046866642848234 0.4190704190704191 9.228510271275121 6.804076724064245
1325 0.7050965842266916 0.4182454182454183 9.235200064268062 6.689792992940369
1326 0.7055144475393043 0.4174054174054174 9.242018848410988 6.8187841429256935
1327 0.7059253313793301 0.4165804165804166 9.248723105164142 6.70425675315478
1328 0.7063441778463403 0.41574041574041576 9.25555663539182 6.833530227677187
1329 0.7067560289883342 0.41491541491541495 9.262275393935981 6.718758544161929
1330 0.7071683606901688 0.4140904140904141 9.269001352177078 6.7259582410965635
1331 0.7075886839474147 0.4132504132504133 9.275857007504063 6.855655326985399
1332 0.7080019880715707 0.4124254124254124 9.282597524618275 6.740517114211642
1333 0.708415775301626 0.4116004116004116 9.289345269775065 6.74774515679033
1334 0.7088300464851209 0.4107754107754108 9.296100252393376 6.7549826183110895
1335 0.7092448024715788 0.40995040995041 9.30286248190576 6.762229512384366
1336 0.7096600441125125 0.4091254091254091 9.309631967758431 6.769485852670343
1337 0.7100757722614303 0.4083004083004083 9.31640871941127 6.776751652838087
1338 0.7104919877738417 0.4074754074754075 9.323192746337847 6.78402692657798
1339 0.710908691507263 0.4066504066504067 9.329984058025456 6.791311687608825
1340 0.7113258843212237 0.4058254058254058 9.33678266397513 6.798605949674297
1341 0.7117359684672181 0.40501540501540506 9.343464764641556 6.682100666425939
1342 0.7121541330974677 0.4041904041904042 9.35027785461921 6.813089977653064
1343 0.7125651730573138 0.4033804033804034 9.356974194352576 6.696339733366585
1344 0.7129843129034604 0.40255540255540256 9.36380180583596 6.827611483384288
1345 0.7133963120227373 0.40174540174540174 9.37051242148545 6.710615649490492
1346 0.7138164305002644 0.40092040092040093 9.377354592060062 6.842170574611117
1347 0.7142293921401833 0.4001104001104001 9.384079520580835 6.724928520773332
1348 0.7146428318751031 0.39930039930039934 9.390811553603669 6.732033022833761
1349 0.7150644202180377 0.3984753984753985 9.39767556639378 6.8640127901105075
1350 0.7154788275293633 0.39766539766539766 9.404421967749563 6.74640135578386
1351 0.7158937154491449 0.3968553968553969 9.411175501142928 6.753533393364819
1352 0.7163090848139457 0.39604539604539607 9.417936175722218 6.760674579290082
1353 0.7167249364622708 0.39523539523539525 9.42470400064881 6.767824926591004
1354 0.7171412712345743 0.3944253944253944 9.431478985097145 6.774984448336241
1355 0.7175580899732638 0.39361539361539366 9.438261138254767 6.782153157621096
1356 0.7179753935227068 0.39280539280539284 9.445050469322306 6.789331067539095
1357 0.7183854414734387 0.392010392010392 9.451721060695121 6.670591372815338
1358 0.7188037081682779 0.39120039120039124 9.458524641887294 6.803581192173169
1359 0.7192224622030237 0.3903903903903904 9.46533542849897 6.810786611675113
1360 0.719633936243248 0.3895953895953896 9.472027104879096 6.691676380127021
1361 0.7200536584522863 0.3887853887853888 9.478852196241181 6.8250913620850895
1362 0.720466084385395 0.387990387990388 9.485557930335368 6.705734094186511
1363 0.7208867781302918 0.3871803871803872 9.49239736288077 6.839432545401536
1364 0.7213001592632344 0.3863853863853864 9.49911719049785 6.719827617081009
1365 0.7217140147619533 0.3855903855903856 9.505844012311426 6.726821813575867
1366 0.722136167576198 0.3847803847803848 9.512704957813051 6.860945501625082
1367 0.7225509832483613 0.383985383985384 9.519445926884941 6.740969071890035
1368 0.7229662757584103 0.38319038319038323 9.526193916826351 6.747989941409571
1369 0.7233820459290189 0.3823953823953824 9.53294893649766 6.7550196713082045
1370 0.7237982945847529 0.3816003816003816 9.539710994771697 6.762058274038196
1371 0.7242150225520784 0.38080538080538084 9.546480100533767 6.769105762069572
1372 0.7246322306593652 0.38001038001038 9.553256262681652 6.77616214788479
1373 0.7250499197368936 0.37921537921537923 9.560039490125652 6.783227444000062
1374 0.7254680906168589 0.37842037842037846 9.56682979178859 6.7903016629387025
1375 0.7258867441333774 0.3776253776253776 9.573627176605848 6.797384817257779
1376 0.7262979683972911 0.3768453768453769 9.580303201469418 6.676024863569552
1377 0.726717580551274 0.37605037605037606 9.587114645386418 6.8114439169999486
1378 0.7271376778398754 0.3752553752553753 9.593933199169964 6.818553783546122
1379 0.7275503210682777 0.3744753744753745 9.600630019582635 6.696820412670945
1380 0.7279713819604143 0.3736803736803737 9.607462685497454 6.832665914819458
1381 0.728384972237579 0.3729003729003729 9.614173369111866 6.710683614411295
1382 0.7287990327369566 0.37212037212037213 9.620890931170877 6.717562059010973
1383 0.7292215406424739 0.37132537132537136 9.627744764086735 6.853832915858504
1384 0.7296365530767345 0.37054537054537057 9.634476241338279 6.7314772515434385
1385 0.7300520381613183 0.3697653697653698 9.64121462283601 6.738381497731538
1386 0.7304679967041251 0.368985368985369 9.647959917149443 6.745294313432737
1387 0.7308924424914979 0.3681903681903682 9.654842051050494 6.882133901051191
1388 0.7313093595259356 0.3674103674103674 9.661601330104704 6.759279054209699
1389 0.7317267524690314 0.36663036663036663 9.66836754792002 6.766217815316722
1390 0.732144622136122 0.36585036585036584 9.675140713113763 6.773165193742159
1391 0.7325549196972494 0.3650853650853651 9.681790381716759 6.649668602996428
1392 0.7329737360588255 0.3643053643053643 9.688577333549928 6.786951833168686
1393 0.7333930315858027 0.3635253635253635 9.69537125851864 6.793924968711451
1394 0.7338128071009669 0.3627453627453628 9.702172165287848 6.800906769209192
1395 0.7342330634289893 0.361965361965362 9.70898006253453 6.807897246682515
1396 0.7346457057344298 0.3612003612003612 9.71566383718783 6.683774653298613
1397 0.7350669168836954 0.36042036042036046 9.722485606619724 6.821769431894609
1398 0.7354804972441518 0.35965535965535966 9.729183003437528 6.697396817804346
1399 0.7359026664723882 0.3588753588753589 9.736018679239308 6.835675801779573
1400 0.7363171880902047 0.35811035811035813 9.74272973179498 6.711052555672836
1401 0.736740318669976 0.35733035733035734 9.749579348245385 6.849616450404383
1402 0.7371557847620901 0.3565653565653566 9.756304090204727 6.72474195934214
1403 0.7375717197018142 0.3558003558003558 9.763035622902661 6.731532697934028
1404 0.7379881242832282 0.35503535503535505 9.769773954627032 6.738331724370994
1405 0.7384131780301185 0.35425535425535426 9.776651419408385 6.877464781352316
1406 0.7388305335322267 0.3534903534903535 9.783403507817413 6.75208840902819
1407 0.7392483610847446 0.3527253527253527 9.790162420347544 6.758912530131056
1408 0.7396666614889948 0.35196035196035197 9.796928165332156 6.765744984612354
1409 0.7400854355481152 0.3511953511953512 9.803700751116004 6.772585783847873
1410 0.7405046840670632 0.3504303504303504 9.810480186055248 6.7794349392436
1411 0.740916173401231 0.3496803496803497 9.817133347993849 6.653161938601215
1412 0.7413363639194196 0.3489153489153489 9.82392637165187 6.793023658021369
1413 0.7417570313073704 0.3481503481503482 9.830726269437678 6.799897785807474
1414 0.7421781763773356 0.3473853473853474 9.83753304975297 6.806780315292471
1415 0.7425915282103378 0.3466353466353467 9.844213053326698 6.680003573727333
1416 0.743013621682348 0.3458703458703459 9.85103348858928 6.820435262582691
1417 0.7434279048916862 0.3451203451203451 9.857726895573656 6.693406984375372
1418 0.7438509499729982 0.3443553443553444 9.86456101886914 6.834123295483607
1419 0.7442661677101289 0.3436053436053436 9.87126786174501 6.706842875869867
1420 0.7446901676224774 0.34284034284034287 9.878115706248778 6.847844503768741
1421 0.7451063230530911 0.3420903420903421 9.884836017585117 6.720311336339435
1422 0.7455229438643027 0.34134034134034136 9.891563008555886 6.726990970769009
1423 0.745948377336872 0.3405753405753406 9.898431429016819 6.868420460932612
1424 0.7463659406011536 0.33982533982533986 9.905171937305319 6.740508288499925
1425 0.7467839716102321 0.3390753390753391 9.911919149464113 6.747212158794369
1426 0.7472024711504837 0.33832533832533834 9.918673073540019 6.75392407590536
1427 0.747621440010048 0.3375753375753376 9.925433717590682 6.760644050663345
1428 0.7480408789788334 0.33682533682533683 9.93220108968459 6.767372093907653
1429 0.7484607888485219 0.3360753360753361 9.938975197901097 6.774108216507813
1430 0.748881170412574 0.3353253353253353 9.945756050330429 6.780852429331574
1431 0.7493020244662342 0.3345753345753346 9.952543655073713 6.7876047432839925
1432 0.7497233518065352 0.33382533382533386 9.959338020242987 6.794365169273675
1433 0.7501367125525753 0.3330903330903331 9.966003064902493 6.665044659506236
1434 0.7505589793588568 0.33234033234033233 9.972810839690187 6.807774787693788
1435 0.7509817218375939 0.33159033159033163 9.979625399142657 6.814559452470448
1436 0.7513964717391991 0.33085533085533086 9.986310257747661 6.684858605003896
1437 0.7518201584237022 0.3301053301053301 9.993138274907828 6.828017160167121
1438 0.7522358351969994 0.3293703293703294 9.999836337764743 6.698062856914433
1439 0.7526604692541654 0.32862032862032864 10.00667784469156 6.841506926816621
1440 0.7530770760096513 0.3278853278853279 10.01338914326015 6.711298568591317
1441 0.7535026606205553 0.32713532713532717 10.020244172098353 6.85502883820277
1442 0.7539202004826602 0.3264003264003264 10.026968737922589 6.72456582423564
1443 0.7543382033456442 0.3256653256653257 10.033699882064365 6.731144141776113
1444 0.7547566699800518 0.3249303249303249 10.04043761228212 6.737730217755811
1445 0.7551841556164234 0.3241803241803242 10.04731964432296 6.882032040838482
1446 0.7556035616165097 0.32344532344532345 10.05407070481723 6.751060494270433
1447 0.7560234337257855 0.32271032271032274 10.060828374883645 6.757670066415145
1448 0.7564437727217025 0.32197532197532197 10.06759266232209 6.764287438445038
1449 0.7568645793834424 0.32124032124032126 10.074363574942808 6.77091262071805
1450 0.7572858544919212 0.32050532050532055 10.081141120566413 6.777545623604553
1451 0.7577075988297953 0.3197703197703198 10.087925307023898 6.784186457485575
1452 0.75812119185868 0.31905031905031905 10.094577487173726 6.652180149828268
1453 0.7585438673942627 0.31831531831531834 10.101374842907543 6.797355733816346
1454 0.7589670145015972 0.3175803175803176 10.108178862870156 6.804019962613594
1455 0.7593906339703108 0.31684531684531686 10.11498955493406 6.8106920639028345
1456 0.75980606690555 0.31612531612531614 10.121667730116362 6.678175182303292
1457 0.7602306237926575 0.3153903153903154 10.128491653475981 6.823923359618789
1458 0.7606469765393419 0.3146703146703147 10.135182805088029 6.6911516120473635
1459 0.7610724739598792 0.31393531393531393 10.142019990716468 6.837185628439713
1460 0.7614897495762305 0.3132153132153132 10.148724149139248 6.704158422779827
1461 0.7619161906590505 0.3124803124803125 10.155574628091307 6.850478952058481
1462 0.7623343922168629 0.31176031176031177 10.162291823785969 6.717195694662337
1463 0.7627530531128365 0.31104031104031105 10.169015482205186 6.72365841921696
1464 0.7631809106894277 0.31030531030531033 10.175885890706551 6.870408501365333
1465 0.7636005021441924 0.3095853095853096 10.182622632082413 6.73674137586211
1466 0.7640205552295731 0.3088653088653089 10.189365858834357 6.7432267519436095
1467 0.7644410707078121 0.30814530814530816 10.196115578480528 6.749719646171215
1468 0.7648620493428299 0.30742530742530744 10.202871798548918 6.756220068389496
1469 0.7652834919002314 0.3067053067053067 10.209634526577359 6.762728028441245
1470 0.7657053991473096 0.305985305985306 10.216403770113555 6.769243536195901
1471 0.7661277718530504 0.30526530526530526 10.223179536715094 6.775766601538891
1472 0.7665506107881375 0.30454530454530454 10.229961833949462 6.782297234368073
1473 0.7669739167249567 0.3038253038253038 10.236750669394057 6.78883544459552
1474 0.7673976904376013 0.3031053031053031 10.24354605063622 6.795381242163501
1475 0.7678219327018759 0.3023853023853024 10.250347985273226 6.801934637005402
1476 0.7682377913448707 0.3016803016803017 10.257014570281989 6.666585008762382
1477 0.7686629632448063 0.30096030096030096 10.263829497616406 6.814927334417575
1478 0.7690886060178167 0.30024030024030024 10.270651001038363 6.821503421956976
1479 0.769505838246633 0.29953529953529956 10.2773367691662 6.685768127836056
1480 0.7699324152650033 0.29881529881529884 10.284171310286057 6.834541119857818
1481 0.7703505637816239 0.2981102981102981 10.290869859167506 6.698548881448829
1482 0.7707780781246026 0.29739029739029743 10.297717467978122 6.847608810616634
1483 0.7711971459507483 0.2966852966852967 10.304428827019402 6.711359041279508
1484 0.7716166697145556 0.295980295980296 10.311146534615208 6.717707595806033
1485 0.7720455908818237 0.2952602952602953 10.318013732275618 6.86719766041044
1486 0.7724660384966561 0.29455529455529456 10.324744294128656 6.730561853037997
1487 0.7728869443033924 0.2938502938502939 10.331481226395306 6.736932266649731
1488 0.7733083090514281 0.29314529314529314 10.338224536329387 6.743309934080344
1489 0.7737301334917934 0.29244029244029246 10.344974231194058 6.749694864671696
1490 0.7741524183771581 0.2917352917352917 10.351730318261875 6.7560870678171625
1491 0.7745751644618362 0.29103029103029104 10.358492804814777 6.762486552901237
1492 0.7749983725017902 0.29032529032529036 10.365261698144092 6.768893329315517
1493 0.7754220432546356 0.28962028962028963 10.372037005550588 6.775307406496012
1494 0.7758461774796457 0.28891528891528895 10.378818734344454 6.781728793866293
1495 0.7762707759377555 0.2882102882102882 10.385606891845335 6.788157500880132
1496 0.776695839391567 0.28750528750528753 10.392401485382345 6.79459353701084
1497 0.7771213686053533 0.2868002868002868 10.399202522294086 6.80103691174061
1498 0.7775382957432069 0.2861102861102861 10.405865102551083 6.66258025699662
1499 0.7779647488260499 0.2854052854052854 10.412678910783416 6.813808232333685
1500 0.7783916699553748 0.2847002847002847 10.419499184306463 6.820273523047149
1501 0.7788099616124186 0.284010284010284 10.42618061313396 6.6814288274965605
1502 0.7792378111499692 0.2833052833052833 10.433013701426988 6.833088293028311
1503 0.7796570129438787 0.2826152826152826 10.439707686530435 6.6939851034462095
1504 0.7800857939214094 0.28191028191028195 10.446553618549055 6.845932018620715
1505 0.7805059088258915 0.28122028122028125 10.453260188304363 6.706569755307257
1506 0.7809356242883716 0.2805152805152805 10.460118993078574 6.85880477421108
1507 0.7813566552901023 0.2798252798252798 10.46683817593456 6.719182855986716
1508 0.7817781405231978 0.27913527913527914 10.473563608066769 6.725432132208553
1509 0.7822000807231291 0.27844527844527844 10.480295296462042 6.731688395273494
1510 0.7826316642131139 0.27774027774027776 10.487179794937274 6.884498475232093
1511 0.7830545264903697 0.27705027705027707 10.49392415324273 6.744358305455833
1512 0.7834778459665345 0.2763602763602764 10.500674788977761 6.750635735031096
1513 0.7839016233834951 0.2756702756702757 10.507431709165056 6.756920187294568
1514 0.7843258594847444 0.274980274980275 10.51419492083625 6.763211671193758
1515 0.7847505550153852 0.2742902742902743 10.52096443103195 6.769510195701045
1516 0.7851757107221347 0.2736002736002736 10.527740246801722 6.775815769771043
1517 0.78560132735333 0.2729102729102729 10.534522375204153 6.782128402431198
1518 0.7860274056589314 0.27222027222027223 10.541310823306818 6.788448102664546
1519 0.7864446688435477 0.2715452715452716 10.547957818364946 6.646995058128269
1520 0.7868716626772233 0.2708552708552709 10.554758789338866 6.800970973920073
1521 0.7872991204285431 0.2701652701652702 10.561566101115629 6.807311776762859
1522 0.7877270428539694 0.2694752694752695 10.568379760798813 6.813659683183815
1523 0.7881461129777056 0.2688002688002688 10.575051446687326 6.671685888512968
1524 0.7885749568846212 0.2681102681102681 10.581877685147191 6.826238459865408
1525 0.7889949299135102 0.26743526743526747 10.58856169000172 6.684004854529135
1526 0.7894246982815786 0.2667452667452668 10.595400535144245 6.838845142524974
1527 0.7898455771367912 0.26607026607026607 10.60209688629869 6.696351154445779
1528 0.7902762729585366 0.2653802653802654 10.608948366100602 6.851479801911253
1529 0.7906980605738575 0.26470526470526473 10.615657090958168 6.708724857565684
1530 0.7911296868547342 0.26401526401526404 10.622521233467141 6.864142508973714
1531 0.7915523861766319 0.26334026334026334 10.629242359500578 6.721126033436775
1532 0.7919755374351372 0.2626652626652627 10.635969628156799 6.727268656220531
1533 0.7923991413554319 0.261990261990262 10.642703046179387 6.733418022587756
1534 0.7928326273151727 0.2613002613002613 10.649592458607726 6.889412428339625
1535 0.7932571488405742 0.26062526062526065 10.656338332657409 6.745874049682854
1536 0.7936821252288784 0.25995025995025994 10.66309037650562 6.752043848210931
1537 0.7941075572115363 0.2592752592752593 10.669848596930107 6.758220424487149
1538 0.7945334455215681 0.2586002586002586 10.676613000717136 6.7644037870291385
1539 0.7949597908935675 0.25792525792525794 10.683383594661526 6.770593944390058
1540 0.7953865940637057 0.25725025725025724 10.690160385566658 6.776790905131946
1541 0.7958138557697358 0.2565752565752566 10.696943380244472 6.782994677813292
1542 0.7962415767509967 0.2559002559002559 10.703732585515503 6.789205271031662
1543 0.79666023761212 0.25524025524025523 10.710376931219434 6.6443457039309095
1544 0.7970888691210651 0.2545652545652546 10.717178439781671 6.801508562237046
1545 0.7975179621162639 0.2538902538902539 10.72398617929815 6.807739516478506
1546 0.7979475173434066 0.25321525321525323 10.730800156623687 6.813977325537124
1547 0.7983679745543905 0.2525552525552526 10.737468750240371 6.668593616684149
1548 0.7987984461757087 0.25188025188025187 10.74429508478523 6.826334544859591
1549 0.7992198008502108 0.2512202512202512 10.75097577416626 6.680689381029836
1550 0.799651191801328 0.25054525054525056 10.75781449284484 6.83871867857988
1551 0.8000734468158645 0.2498852498852499 10.76450730433943 6.69281149458989
1552 0.8005057600449564 0.24921024921024923 10.771358434133507 6.851129794076982
1553 0.800928918288349 0.24855024855024857 10.778063394156852 6.704960023345308
1554 0.8013621567562109 0.2478752478752479 10.784926962115787 6.863567958934169
1555 0.8017862211296538 0.24721524721524724 10.791644097149296 6.717135033509791
1556 0.8022107345530157 0.24655524655524658 10.798367261091512 6.723163942215393
1557 0.8026453612268929 0.2458802458802459 10.805249466981783 6.882205890271109
1558 0.8030707851389997 0.24522024522024524 10.81198484563136 6.735378649576518
1559 0.8034966602627919 0.24456024456024458 10.818726272852036 6.741427220676499
1560 0.8039229873164943 0.24390024390024392 10.825473755164905 6.747482312869479
1561 0.804349767019857 0.24324024324024326 10.832227299099172 6.753543934266304
1562 0.804777000094159 0.24258024258024258 10.838986911192137 6.759612092965384
1563 0.8052046872622127 0.24192024192024192 10.845752597989254 6.7656867971166434
1564 0.8056328292483681 0.24126024126024126 10.852524366044094 6.771768054839811
1565 0.8060614267785159 0.2406002406002406 10.859302221918401 6.777855874307903
1566 0.8064904805800931 0.23994023994023994 10.866086172182081 6.783950263679728
1567 0.8069199913820858 0.23928023928023928 10.872876223413215 6.790051231133631
1568 0.8073499599150343 0.23862023862023862 10.879672382198102 6.796158784887041
1569 0.8077705993825395 0.23797523797523798 10.886319990070906 6.647607872803718
1570 0.8082014751308075 0.23731523731523732 10.893128244573623 6.808254502717048
1571 0.8086328107942885 0.23665523665523666 10.899942626287917 6.814381714294271
1572 0.8090547884360065 0.23601023601023602 10.906608061948917 6.665435661000529
1573 0.8094870356474163 0.23535023535023536 10.913434578322175 6.826516373257263
1574 0.8099197449722157 0.2346902346902347 10.92026724163798 6.832663315805121
1575 0.8103430671839902 0.23404523404523406 10.926950562496602 6.6833208586221104
1576 0.8107766924169603 0.2333852333852334 10.933795399557479 6.844837060876685
1577 0.8112009111417745 0.23274023274023276 10.940490630200578 6.695230643099848
1578 0.8116354551940256 0.2320802320802321 10.94734766704496 6.857036844381881
1579 0.8120605732828555 0.23143523143523145 10.954054832950673 6.707165905712742
1580 0.8124861369414254 0.2307902307902308 10.960767907321893 6.713074371219818
1581 0.8129220593937709 0.23013023013023015 10.96764322239106 6.875315069166277
1582 0.8133485266990055 0.2294852294852295 10.974368270213375 6.725047822316199
1583 0.813775441697407 0.22884022884022884 10.98109924541093 6.730975197553946
1584 0.8142028050943092 0.2281952281952282 10.987836154253909 6.7369088429796165
1585 0.8146306175965278 0.22755022755022755 10.994579003020197 6.74284876628839
1586 0.8150688448588259 0.2268902268902269 11.001484817516136 6.905814495938856
1587 0.8154975681838199 0.22624522624522625 11.008239703498745 6.754885982608982
1588 0.8159267427600708 0.2256002256002256 11.015000548431217 6.76084493247231
1589 0.8163563693003982 0.22495522495522496 11.021767358622522 6.766810191304984
1590 0.8167864485191237 0.22431022431022432 11.028540140389376 6.772781766853697
1591 0.8172169811320754 0.22366522366522368 11.03531890005628 6.778759666904222
1592 0.8176379397465647 0.22303522303522305 11.04194579120036 6.626891144080105
1593 0.8180693707158687 0.2223902223902224 11.048736386284276 6.7905950839151075
1594 0.8185012572191882 0.22174522174522177 11.055532978140759 6.796591856483403
1595 0.8189335999783801 0.22110022110022112 11.062335573125333 6.802594984574029
1596 0.8193663997168268 0.22045522045522045 11.069144177601375 6.808604476042035
1597 0.8197895762011569 0.21982521982521983 11.075800250024503 6.6560724231283785
1598 0.8202232814049454 0.21918021918021918 11.082620752480329 6.820502455825661
1599 0.8206574457503854 0.21853521853521854 11.08944728341625 6.826530935921227
1600 0.821081957198597 0.2179052179052179 11.096120883758674 6.673600342423924
1601 0.8215170312973655 0.21726021726021727 11.102959350279072 6.838466520397546
1602 0.8219424327383286 0.21663021663021664 11.109644620859667 6.685270580595315
1603 0.8223784194528875 0.215985215985216 11.11649504801292 6.850427153253236
1604 0.8228047136883574 0.21535521535521537 11.123192013327465 6.696965314544556
1605 0.8232416158931892 0.21471021471021473 11.13005442622326 6.8624128957957
1606 0.8236688057366942 0.21408021408021408 11.136763110827511 6.708684604250337
1607 0.8240964391581352 0.21345021345021345 11.143477595222464 6.714484394953146
1608 0.8245347145952684 0.2128052128052128 11.150357963146956 6.880367924491537
1609 0.8249632478505561 0.21217521217521218 11.157084203633016 6.7262404860599645
1610 0.8253922267783917 0.21154521154521155 11.163816262127327 6.732058494311133
1611 0.8258216520743834 0.21091521091521093 11.170554144669287 6.737882541960616
1612 0.8262515244355869 0.2102852102852103 11.17729785730563 6.743712636342991
1613 0.8266920957409607 0.20964020964020966 11.184208180814943 6.910323509313088
1614 0.8271228750158187 0.20901020901020903 11.190963710983802 6.755530168858215
1615 0.8275541034725032 0.20838020838020838 11.197725089575924 6.761378592122114
1616 0.8279857818139365 0.20775020775020775 11.204492322667656 6.76723309173255
1617 0.8284179107445082 0.20712020712020712 11.211265416342746 6.773093675089825
1618 0.8288504909700792 0.2064902064902065 11.21804437669234 6.778960349594243
1619 0.8292732076485604 0.20587520587520589 11.224667597873143 6.62322118080283
1620 0.8297066818005318 0.20524520524520526 11.231458169830528 6.790571957385083
1621 0.8301406093570223 0.20461520461520463 11.238254626634767 6.79645680423846
1622 0.8305749910297812 0.203985203985204 11.245056974406566 6.802347771799333
1623 0.831009827532048 0.20335520335520335 11.251865219274109 6.808244867542612
1624 0.831434750182708 0.20274020274020274 11.258517057101331 6.651837827222451
1625 0.8318704876180113 0.20211020211020211 11.265336973803999 6.819916702667683
1626 0.8323066820144172 0.2014802014802015 11.272162805885356 6.8258320813576745
1627 0.8327329322887521 0.20086520086520088 11.27883182983975 6.669023954392728
1628 0.8331700318437906 0.20023520023520025 11.285669369952554 6.837540112805129
1629 0.8335971671005544 0.19962019962019964 11.292349834935212 6.680464982657952
1630 0.8340351746346297 0.19899019899019899 11.299199107186672 6.849272251459482
1631 0.8344631976327924 0.19837519837519837 11.305891036759293 6.691929572621547
1632 0.8349021159780387 0.19774519774519775 11.312752065314992 6.861028555698923
1633 0.8353310294880502 0.19713019713019714 11.319455483096364 6.7034177813720675
1634 0.8357603839152739 0.19651519651519653 11.326164584508785 6.709101412420537
1635 0.8362006682922424 0.1958851958851959 11.333043221846653 6.878637337868199
1636 0.8366309173918172 0.1952701952701953 11.339763846860478 6.720625013825199
1637 0.8370616094701897 0.19465519465519465 11.346490173020175 6.726326159697038
1638 0.8375032662660047 0.19402519402519403 11.35338647340387 6.896300383694154
1639 0.8379348572031885 0.19341019341019342 11.360124358686143 6.737885282273481
1640 0.8383668931936278 0.1927951927951928 11.366867962692742 6.743604006599568
1641 0.8387993749260807 0.1921801921801922 11.373617291249944 6.749328557202006
1642 0.8392323030907278 0.19156519156519158 11.38037235019106 6.755058941115166
1643 0.8396656783791749 0.19095019095019095 11.387133145356387 6.760795165327238
1644 0.8400995014844572 0.19033519033519034 11.393899682593272 6.7665372368850285
1645 0.8405337731010433 0.18972018972018972 11.400671967756093 6.7722851628211345
1646 0.8409684939248375 0.18910518910518911 11.407450006706293 6.778038950200127
1647 0.8414036646531856 0.1884901884901885 11.414233805312367 6.783798606074143
1648 0.8418392859848772 0.1878751878751879 11.421023369449895 6.789564137527293
1649 0.8422753586201494 0.18726018726018726 11.427818705001553 6.7953355516578995
1650 0.8427012309349189 0.18666018666018666 11.434453868273053 6.635163271500488
1651 0.8431381972338295 0.18604518604518605 11.441260623205496 6.806754932442871
1652 0.843575616928555 0.18543018543018544 11.448073167098663 6.812543893166989
1653 0.8440134907251264 0.18481518481518483 11.454891505863515 6.818338764851717
1654 0.8444411229727059 0.18421518421518424 11.461549133927681 6.6576280641665875
1655 0.8448798959782831 0.1836001836001836 11.468378938499729 6.829804572047848
1656 0.8453084068541055 0.183000183000183 11.475047764005081 6.668825505352416
1657 0.8457480818414322 0.1823851823851824 11.481889057538282 6.841293533200954
1658 0.8461774740561726 0.1817851817851818 11.488569103101097 6.680045562815096
1659 0.8466180538094041 0.1811701811701812 11.495421908804891 6.852805703793763
1660 0.8470483300848998 0.18057018057018057 11.502113197095657 6.691288290765485
1661 0.8474898173996613 0.17995517995517996 11.508977538235147 6.864341139490193
1662 0.8479209804689687 0.17935517935517936 11.515680091978748 6.702553743600959
1663 0.8483633781524154 0.17874017874017875 11.522555991874905 6.8758998961566675
1664 0.8487954307598679 0.17814017814017816 11.529269833850824 6.713841975919621
1665 0.8492279236611272 0.17754017754017754 11.535989258681376 6.719424830551546
1666 0.8496608575295747 0.17694017694017694 11.542714271941652 6.725013260275858
1667 0.8501050730921073 0.17632517632517633 11.549613216116756 6.898944175103949
1668 0.8505389019872012 0.17572517572517574 11.556349563049928 6.736346933172044
1669 0.85097317389484 0.17512517512517514 11.563091515317875 6.741952267947937
1670 0.8514078894939566 0.17452517452517452 11.56983907852242 6.7475632045450595
1671 0.8518430494648717 0.17392517392517393 11.576592258272074 6.753179749653171
1672 0.8522786544892971 0.17332517332517333 11.583351060182022 6.75880190994782
1673 0.8527147052503403 0.17272517272517274 11.590115489874144 6.76442969212232
1674 0.8531512024325071 0.17212517212517214 11.59688555297703 6.77006310288597
1675 0.853588146721706 0.17152517152517152 11.60366125512599 6.775702148960505
1676 0.8540255388052512 0.17092517092517093 11.610442601963056 6.7813468370658825
1677 0.8544633793718663 0.17032517032517033 11.617229599137005 6.786997173948706
1678 0.8549016691116879 0.16972516972516974 11.624022252303371 6.792653166366236
1679 0.8553404087162696 0.16912516912516914 11.630820567124447 6.798314821075735
1680 0.8557686136277864 0.16854016854016854 11.637454380599651 6.63381347520442
1681 0.8562082437524562 0.16794016794016794 11.644263893849937 6.809513250285448
1682 0.8566483258076703 0.16734016734016735 11.651079085640372 6.815191790435549
1683 0.8570888604906496 0.16674016674016676 11.657899961660267 6.820876019894229
1684 0.8575188182692852 0.16615516615516615 11.664555794065393 6.655832405126461
1685 0.8579602489459949 0.16555516555516556 11.671387913179139 6.832119113745705
1686 0.8583910816510998 0.16497016497016498 11.67805471845151 6.666805272370624
1687 0.8588334110578346 0.16437016437016438 11.684898102930271 6.843384478761649
1688 0.8592651213627271 0.16378516378516378 11.691575902810028 6.677799879756918
1689 0.8597083522469361 0.16318516318516318 11.698430574977873 6.854672167845521
1690 0.860140942835836 0.1626001626001626 11.705119391256826 6.688816278952459
1691 0.8605850779561772 0.162000162000162 11.711985373490883 6.8659822340571
1692 0.8610185515242625 0.16141516141516143 11.718685228012669 6.699854521786008
1693 0.8614635936506623 0.1608151608151608 11.725562542743319 6.877314730649786
1694 0.8618979529041251 0.16023016023016023 11.732273457403604 6.710914660285283
1695 0.8623327503958111 0.15964515964515966 11.738989840220984 6.716382817380406
1696 0.8627679867892833 0.15906015906015908 11.745711696550684 6.721856329699349
1697 0.8632148397137923 0.15846015846015846 11.752611599619382 6.89990306869781
1698 0.8636509672036854 0.15787515787515788 11.759344559756869 6.732960137487254
1699 0.8640875356112432 0.1572901572901573 11.766083009648122 6.738449891253495
1700 0.8645245456054444 0.15670515670515672 11.772826954673839 6.743945025716513
1701 0.864961997856622 0.15612015612015612 11.779576400221059 6.749445547219679
1702 0.8653998930364661 0.15553515553515554 11.786331351683167 6.754951462108139
1703 0.8658382318180284 0.15495015495015496 11.793091814459958 6.7604627767909875
1704 0.8662770148757238 0.15436515436515438 11.799857793957578 6.765979497620478
1705 0.866716242885336 0.15378015378015378 11.80662929558859 6.771501631011034
1706 0.8671559165240194 0.1531951531951532 11.813406324771952 6.77702918336287
1707 0.8675960364703035 0.15261015261015262 11.820188886933051 6.7825621610992926
1708 0.8680366034040957 0.15202515202515204 11.826976987503695 6.788100570643607
1709 0.8684776180066854 0.15144015144015144 11.833770631922146 6.793644418451095
1710 0.8689190809607474 0.15085515085515086 11.8405698256331 6.7991937109539435
1711 0.8693609929503447 0.15027015027015028 11.847374574087734 6.80474845463408
1712 0.8697920064295089 0.14970014970014972 11.854010189943088 6.635615855353549
1713 0.8702348069904291 0.14911514911514911 11.860825921486816 6.815731543728276
1714 0.8706780586297778 0.14853014853014854 11.867647224026276 6.821302539460561
1715 0.8711103793776607 0.14796014796014798 11.874298985153489 6.651761127212552
1716 0.8715545236339676 0.14737514737514737 11.881131302926216 6.832317772726526
1717 0.8719991210240069 0.1467901467901468 11.887969208004312 6.837905078096895
1718 0.8724327549970817 0.14622014622014623 11.894637161670284 6.667953665971282
1719 0.8728782490743117 0.14563514563514565 11.901486114239818 6.848952569534106
1720 0.8733127580641781 0.14506514506514506 11.908164842584695 6.678728344876816
1721 0.873759151544065 0.14448014448014448 11.915024864121657 6.86002153696208
1722 0.8741945382019024 0.14391014391014392 11.921714388095424 6.6895239737672085
1723 0.8746418338108883 0.14332514332514334 11.928585500126486 6.871112031062054
1724 0.875078100798597 0.14275514275514276 11.935285840728604 6.700340602117549
1725 0.8755148032190961 0.1421851421851422 11.941991527161125 6.705686432521674
1726 0.8759634512644108 0.14160014160014162 11.94887924311084 6.88771594971449
1727 0.8764010380104273 0.14103014103014103 11.955595777627003 6.716534516163719
1728 0.8768390621670749 0.14046014046014046 11.962317673524389 6.721895897385366
1729 0.8772775243905326 0.1398901398901399 11.96904493595362 6.727262429231828
1730 0.8777279812938427 0.13930513930513932 11.97595481724057 6.909881286949471
1731 0.8781673331963391 0.13873513873513874 11.982692969775314 6.738152534744302
1732 0.8786071251594674 0.13816513816513817 11.989436504466047 6.743534690732744
1733 0.8790473578447143 0.1375951375951376 11.99618542648771 6.748922021662551
1734 0.8794880319148937 0.13702513702513702 12.002939741021313 6.754314533603534
1735 0.8799291480341482 0.13645513645513646 12.009699453253946 6.759712232632609
1736 0.8803707068679548 0.1358851358851359 12.016464568378767 6.765115124821364
1737 0.8808127090831258 0.1353151353151353 12.023235091595051 6.770523216284019
1738 0.8812551553478142 0.13474513474513475 12.030011028108179 6.775936513127689
1739 0.8816980463315152 0.1341751341751342 12.03679238312965 6.781355021471924
1740 0.8821413827050716 0.13360513360513362 12.043579161877098 6.786778747446931
1741 0.8825851651406753 0.13303513303513304 12.050371369574286 6.792207697188246
1742 0.8830176983414261 0.1324801324801325 12.056990056473753 6.618686899466653
1743 0.8834623631404999 0.13191013191013193 12.063792994556719 6.802938082966392
1744 0.8839074760085173 0.13134013134013134 12.070601377159672 6.808382602953245
1745 0.8843530376230689 0.13077013077013078 12.077415209530896 6.813832371223683
1746 0.8847873057668725 0.13021513021513023 12.084054972061377 6.6397625304812635
1747 0.8852337550591158 0.12964512964512964 12.090879575979692 6.824603918314409
1748 0.8856806551209221 0.12907512907512908 12.097709645309676 6.830069329984312
1749 0.8861162284374476 0.12852012852012853 12.104365232559449 6.655587249772665
1750 0.8865640201817635 0.12795012795012795 12.11120610436594 6.840871806490512
1751 0.8870122647308492 0.12738012738012738 12.11805245728259 6.846352916650034
1752 0.887449149112905 0.12682512682512684 12.124723914705536 6.671457422946503
1753 0.887898289373445 0.12625512625512625 12.131581101137126 6.857186431590279
1754 0.8883360472026713 0.1257001257001257 12.13826311703535 6.682015898224591
1755 0.8887860858621545 0.12513012513012514 12.145131157643087 6.868040607736603
1756 0.8892247197605494 0.12457512457512458 12.15182375215764 6.692594514552397
1757 0.8896637868221089 0.12402012402012402 12.158521572889777 6.697820732137316
1758 0.8901151721172923 0.12345012345012346 12.165405860970365 6.884288080588163
1759 0.8905551191831107 0.1228951228951229 12.17211429048417 6.708429513805569
1760 0.890995501359215 0.12234012234012234 12.178827961123222 6.713670639051372
1761 0.8914482393433942 0.12177012177012178 12.185728543022218 6.90058189899645
1762 0.8918895054824504 0.12121512121512122 12.192452852714226 6.724309692007324
1763 0.8923312086906009 0.12066012066012066 12.199182418491558 6.729565777332525
1764 0.8927733496175354 0.12010512010512012 12.205917245307937 6.734826816378714
1765 0.8932159289142324 0.11955011955011956 12.212657338122861 6.740092814924381
1766 0.893658947232961 0.118995118995119 12.21940270190159 6.745363778728475
1767 0.8941143966867664 0.11842511842511844 12.226335864607158 6.933162705568208
1768 0.894558306921473 0.11787011787011788 12.233091928028884 6.756063421725855
1769 0.8950026581605529 0.11731511731511732 12.239853277479675 6.761349450790988
1770 0.8954474510615091 0.11676011676011677 12.246619917948138 6.766640468462981
1771 0.8958926862831524 0.11620511620511621 12.253391854428695 6.771936480557628
1772 0.8963383644856042 0.11565011565011565 12.260169091921613 6.777237492917365
1773 0.8967724231442846 0.11511011511011511 12.266768253637837 6.599161716223989
1774 0.8972189772770095 0.11455511455511456 12.273555964572319 6.78771093448205
1775 0.8976659763608404 0.114000114000114 12.280348991419352 6.79302684703309
1776 0.89811342106114 0.11344511344511345 12.287147339202466 6.798347783114167
1777 0.8985613120445973 0.1128901128901129 12.293951012951087 6.803673748621009
1778 0.8990096499792328 0.11233511233511234 12.300760017700533 6.809004749445791
1779 0.8994463003038333 0.1117951117951118 12.307390116915858 6.6300992153252025
1780 0.8998955220254148 0.11124011124011124 12.314209654376365 6.819537460506453
1781 0.9003451926920708 0.1106851106851107 12.321034537842488 6.82488346612331
1782 0.9007831416464892 0.11014511014511015 12.327680101038709 6.645563196221005
1783 0.9012337000456927 0.10959010959010959 12.334515546871648 6.835445832939158
1784 0.9016847093957445 0.10903510903510905 12.341356353767459 6.8408068958110135
1785 0.9021239627819366 0.1084951084951085 12.348017424499607 6.661070732148389
1786 0.9025758638336587 0.10794010794010794 12.354868823521812 6.851399022204774
1787 0.9030159861079882 0.1074001074001074 12.361540209736928 6.67138621511576
1788 0.9034687815085053 0.10684510684510685 12.368402220692644 6.862010955716258
1789 0.9039097752516487 0.10630510630510631 12.37508394168496 6.681720992315121
1790 0.9043634676585734 0.10575010575010575 12.381956584427448 6.872642742488111
1791 0.9048053354614377 0.10521010521010521 12.388648659536148 6.692075108700735
1792 0.9052476352645 0.10467010467010468 12.395345847918428 6.697188382279506
1793 0.905702672006695 0.10411510411510412 12.402234402574384 6.888554655956725
1794 0.9061458497572433 0.10357510357510358 12.408941974033436 6.707571459051209
1795 0.9065894614309259 0.10303510303510303 12.415654673072805 6.712699039368886
1796 0.9070458484923521 0.10248010248010249 12.422559184163157 6.904511090352727
1797 0.907490342024377 0.10194010194010195 12.429282295340846 6.723111177688423
1798 0.9079352714139018 0.1014001014001014 12.436010548455618 6.728253114772542
1799 0.9083806373023248 0.10086010086010086 12.4427439482602 6.733399804581097
1800 0.9088264403323035 0.10032010032010033 12.449482499512794 6.738551252594149
1801 0.9092850829814396 0.09976509976509977 12.456413605833804 6.931106321010461
1802 0.9097317744154059 0.09922509922509923 12.46316261770783 6.749011874026323
1803 0.9101789049444609 0.09868509868509868 12.4699167954703 6.754177762470448
1804 0.910626475216365 0.09814509814509816 12.476676143901678 6.7593484313768215
1805 0.9110744858801536 0.09760509760509761 12.483440667787951 6.764523886273466
1806 0.911522937586139 0.09706509706509707 12.490210371920673 6.769704132722154
1807 0.9119718309859155 0.09652509652509653 12.496985261096963 6.774889176289989
1808 0.912421166732361 0.09598509598509598 12.503765340119523 6.780079022560059
1809 0.9128709454796412 0.09544509544509545 12.510550613796623 6.785273677099468
1810 0.9133086557087784 0.09492009492009493 12.51715239243646 6.601778639836908
1811 0.9137593100744806 0.09438009438009438 12.5239479252412 6.7955328047411
1812 0.9142104093929728 0.09384009384009384 12.53074866702484 6.800741783639097
1813 0.9146619543235656 0.0933000933000933 12.53755462261794 6.805955593099711
1814 0.9151139455268729 0.09276009276009277 12.544365796856708 6.811174238768203
1815 0.9155538098978789 0.09223509223509224 12.550992779625492 6.626982768784373
1816 0.9160066831914438 0.0916950916950917 12.557814260389774 6.8214807642821285
1817 0.9164600047289384 0.09115509115509116 12.56464097420737 6.826713817595476
1818 0.9169011643739531 0.09063009063009063 12.571283078728902 6.642104521532133
1819 0.9173553719008265 0.0900900900900901 12.578120127536492 6.837048807589952
1820 0.9178100296544717 0.08955008955008956 12.584962423855199 6.842296318707142
1821 0.9182524903032441 0.08902508902508903 12.59161969190764 6.6572680524412675
1822 0.9187080379684037 0.08848508848508849 12.598472351780003 6.852659872363276
1823 0.919151365079015 0.08796008796008796 12.605139704744452 6.66735296444898
1824 0.9196078052710133 0.08742008742008743 12.612002747178929 6.863042434476441
1825 0.9200520013911201 0.0868950868950869 12.618680203557252 6.677456378323399
1826 0.9205093367355393 0.08635508635508636 12.625553647606365 6.87344404911272
1827 0.9209544044227959 0.08583008583008583 12.63224122594332 6.687578336954658
1828 0.9214126375555267 0.08529008529008529 12.639125090703828 6.883864760508729
1829 0.9218585793776343 0.08476508476508476 12.64582280958726 6.697718883431847
1830 0.9223049530592424 0.08424008424008424 12.65252553418485 6.702724597589693
1831 0.9227645314796822 0.08370008370008371 12.659424992261286 6.899458076436105
1832 0.9232117831484138 0.08317508317508318 12.666137885236715 6.712892975428986
1833 0.9236594685812299 0.08265008265008265 12.672855797669827 6.717912433112261
1834 0.9241075884094614 0.08212508212508213 12.679578734109093 6.722936439265581
1835 0.9245689655172413 0.08158508158508158 12.686499000613924 6.920266504831574
1836 0.9250179684920065 0.08106008106008106 12.693232142602234 6.733141988309654
1837 0.9254674077817079 0.08053508053508054 12.699970322403983 6.738179801748956
1838 0.9259172840226332 0.08001008001008002 12.706713544588762 6.743222184779185
1839 0.9263675978523073 0.07948507948507949 12.713461813731428 6.748269142665464
1840 0.926818349909496 0.07896007896007896 12.720215134412125 6.753320680697783
1841 0.9272695408342095 0.07843507843507844 12.726973511216281 6.758376804155475
1842 0.9277211712677045 0.07791007791007791 12.733736948734611 6.763437518330306
1843 0.9281732418524871 0.07738507738507738 12.740505451563154 6.768502828542466
1844 0.9286257532323173 0.07686007686007687 12.74727902430325 6.7735727400961565
1845 0.9290787060522105 0.07633507633507634 12.75405767156158 6.778647258329329
1846 0.9295321009584416 0.07581007581007582 12.760841397950152 6.7837263885728305
1847 0.929985938598547 0.07528507528507529 12.767630208086318 6.78881013616639
1848 0.9304402196213291 0.07476007476007476 12.774424106592795 6.793898506476381
1849 0.9308949446768582 0.07423507423507424 12.781223098097657 6.798991504862073
1850 0.931337103389698 0.07372507372507373 12.78783271390265 6.6096158049937515
1851 0.9317927057330466 0.0732000732000732 12.794641759466439 6.809045563787919
1852 0.9322487540482942 0.07267507267507267 12.80145591181236 6.814152345921087
1853 0.9327052489905788 0.07215007215007216 12.808275175589898 6.819263777538609
1854 0.9331491295109641 0.07164007164007165 12.814904502130886 6.629326540988245
1855 0.9336065068704171 0.07111507111507112 12.821733856370004 6.829354239117791
1856 0.9340643328111908 0.0705900705900706 12.82856833588832 6.834479518316172
1857 0.9345095081764991 0.07008007008007008 12.835212456709726 6.644120821405863
1858 0.9349682203984091 0.06955506955506956 12.842057054036472 6.844597326745472
1859 0.9354273831673416 0.06903006903006903 12.848906790538082 6.849736501610693
1860 0.9358738590516407 0.06852006852006852 12.855565745750162 6.658955212079931
1861 0.9363339119882695 0.06799506799506799 12.862425627502073 6.85988175191099
1862 0.9367812538642265 0.06748506748506748 12.86909444696383 6.66881946175657
1863 0.9372421995596831 0.06696006696006697 12.875964492225357 6.870045261527125
1864 0.9376904099492802 0.06645006645006646 12.882643193694902 6.6787014695446345
1865 0.9381390492326483 0.06594006594006595 12.8893267711032 6.683577408297836
1866 0.938601332439784 0.06541506541506542 12.896212022044082 6.88525094088277
1867 0.9390508440197427 0.06490506490506491 12.902905508045114 6.693486001031701
1868 0.9395140264886851 0.06438006438006438 12.909800968195677 6.895460150563082
1869 0.9399644129117402 0.06387006387006387 12.916504380650228 6.703412454550417
1870 0.9404152313564845 0.06336006336006336 12.923212690982218 6.70831033199093
1871 0.9408664824448253 0.06285006285006285 12.92992590354339 6.713212561171744
1872 0.9413314581991934 0.062325062325062325 12.936841688752642 6.915785209251624
1873 0.9417835892161903 0.06181506181506182 12.943564863353062 6.7231746004203785
1874 0.9422361547680965 0.06130506130506131 12.950292953396344 6.728090043282009
1875 0.9426891554816488 0.0607950607950608 12.95702596325435 6.733009858006511
1876 0.943142591984789 0.06028506028506029 12.963763897303988 6.737934049636962
1877 0.9436098207233908 0.05976005976005976 12.970705154071767 6.941256767779791
1878 0.9440641435583134 0.05925005925005925 12.977453094809002 6.7479407372346145
1879 0.9445189040925099 0.05874005874005874 12.984205973028018 6.752878219016267
1880 0.9449741029588112 0.05823005823005823 12.990963793126014 6.757820097995193
1881 0.9454297407912688 0.05772005772005772 12.997726559505276 6.76276637926243
1882 0.945885818225157 0.05721005721005721 13.004494276573155 6.76771706787882
1883 0.9463423358969774 0.056700056700056706 13.011266948742087 6.772672168931848
1884 0.9467992944444603 0.056190056190056195 13.018044580429601 6.777631687514329
1885 0.9472566945065688 0.055680055680055685 13.02482717605833 6.782595628729737
1886 0.9477145367235011 0.055170055170055174 13.031614740056016 6.787563997685098
1887 0.9481593364395063 0.05467505467505468 13.038207425341255 6.592685285239597
1888 0.948618051840131 0.05416505416505417 13.045004792927784 6.797367586528935
1889 0.9490772113046597 0.05365505365505366 13.051807142066522 6.802349138737895
1890 0.9495368154782251 0.05314505314505315 13.058614477205591 6.8073351390687264
1891 0.9499968650072104 0.05263505263505264 13.065426802798298 6.812325592706614
1892 0.9504438101809742 0.05214005214005214 13.072043542540486 6.616739742188571
1893 0.950904739218869 0.05163005163005163 13.078865715316791 6.8221727763049245
1894 0.9513661155397248 0.05112005112005112 13.08569289180615 6.827176489359488
1895 0.951827939794919 0.05061005061005061 13.092525076482431 6.8321846762806615
1896 0.9522766099680607 0.050115050115050117 13.099161108195636 6.636031713204815
1897 0.9527393188288155 0.049605049605049606 13.106003175060915 6.84206686527844
1898 0.9531888488231443 0.04911004911004911 13.112648806765845 6.645631704930821
1899 0.953652444833535 0.0486000486000486 13.119500773253323 6.8519664874777675
1900 0.9541164920154681 0.04809004809004809 13.126357770110522 6.8569968571985385
1901 0.9545673228369006 0.047595047595047596 13.133017905472855 6.660135362333008
1902 0.9550322610220384 0.047085047085047085 13.13988482830798 6.866922835126132
1903 0.9554839578860469 0.04659004659004659 13.146554606211952 6.6697779039710525
1904 0.9559497896430383 0.04608004608004608 13.153431472559028 6.876866347075961
1905 0.9564023550475141 0.045585045585045586 13.160110910042569 6.679437483541051
1906 0.9568553491616504 0.04509004509004509 13.166795111504044 6.68420146147497
1907 0.9573225194073401 0.04458004458004458 13.173686851616491 6.891740112447309
1908 0.9577763858080385 0.04408504408504409 13.180380738160542 6.693886544050898
1909 0.9582306827687912 0.04359004359004359 13.187079401265384 6.69866310484224
1910 0.9586991972803593 0.04308004308004308 13.193986054428546 6.906653163161636
1911 0.9591543702953432 0.04258504258504259 13.20069442820711 6.70837377856337
1912 0.9596099757314395 0.04209004209004209 13.207407591172855 6.713162965745312
1913 0.9600798403193612 0.04158004158004158 13.214329196807993 6.921605635138661
1914 0.960536325599087 0.04108504108504109 13.221052096127243 6.722899319250075
1915 0.9609932451717249 0.040590040590040594 13.227779797303842 6.727701176599155
1916 0.9614505996573386 0.0400950400950401 13.234512304528595 6.732507224752382
1917 0.9619083896771736 0.039600039600039605 13.241249621997108 6.737317468513027
1918 0.9623666158536585 0.039105039105039104 13.247991753909794 6.742131912686133
1919 0.962825278810409 0.03861003861003861 13.254738704471892 6.746950562098064
1920 0.9632982981391949 0.0381000381000381 13.261695152420558 6.956447948665456
1921 0.9637578498155366 0.037605037605037604 13.268451899257348 6.756746836790839
1922 0.9642178401691627 0.03711003711003711 13.275213477516225 6.761578258876355
1923 0.9646782698284994 0.036615036615036615 13.281979891421939 6.766413905713975
1924 0.9651391394231743 0.03612003612003612 13.288751145204111 6.771253782172693
1925 0.9656004495840189 0.03562503562503563 13.295527243097233 6.776097893121502
1926 0.9660622009430708 0.03513003513003513 13.302308189340685 6.78094624345249
1927 0.9665103817816476 0.034650034650034654 13.308888286573785 6.58009723309938
1928 0.9669730040206779 0.03415503415503416 13.315678795016048 6.790508442263032
1929 0.9674360693420171 0.03366003366003366 13.32247416442718 6.795369411131347
1930 0.9678995783825219 0.033165033165033164 13.329274399066023 6.800234638843605
1931 0.9683635317802703 0.03267003267003267 13.336079503196366 6.805104130343409
1932 0.9688279301745635 0.032175032175032175 13.342889481086923 6.8099778905565955
1933 0.9692786814695055 0.0316950316950317 13.349497754514589 6.608273427666234
1934 0.9697439582466625 0.031200031200031203 13.356317344739749 6.819590225159544
1935 0.9702096819261398 0.030705030705030705 13.363141821431105 6.824476691356551
1936 0.9706758531521275 0.03021003021003021 13.369971188877075 6.829367445970291
1937 0.9711283259964514 0.029730029730029733 13.376598280546245 6.627091669169971
1938 0.971595380642303 0.029235029235029235 13.383437293858359 6.839013312113451
1939 0.9720628847550253 0.02874002874002874 13.390281210689766 6.843916831407171
1940 0.9725166519330246 0.028260028260028262 13.396922423058271 6.641212368505123
1941 0.9729850432589582 0.027765027765027768 13.403776010941842 6.853587883570711
1942 0.97343967198944 0.027285027285027286 13.410426609418375 6.650598476532821
1943 0.9739089530565677 0.026790026790026792 13.417289885107248 6.863275688873571
1944 0.9743644457955646 0.02631002631002631 13.423949885955937 6.660000848688341
1945 0.9748346191414818 0.025815025815025816 13.430822866241794 6.872980285857366
1946 0.9752909783543704 0.025335025335025334 13.43749228576422 6.669419522426168
1947 0.9757620465263324 0.02484002484002484 13.444374987477415 6.882701713195161
1948 0.976219274687878 0.024360024360024362 13.451053842012739 6.678854535323353
1949 0.9766912402428448 0.023865023865023868 13.457946282022462 6.892440009723444
1950 0.9771493398372457 0.023385023385023386 13.464634587947565 6.688305925102611
1951 0.9776078693601745 0.022905022905022904 13.471327552891948 6.692964944383206
1952 0.9780811788628622 0.02241002241002241 13.478234556891614 6.907003999666372
1953 0.9785405835434751 0.021930021930021932 13.484936997735575 6.702440843961099
1954 0.9790004199916001 0.02145002145002145 13.491644109686021 6.707111950445821
1955 0.9794606888162128 0.020970020970020972 13.49835589673965 6.711787053628626
1956 0.9799357945425362 0.020475020475020474 13.50528232790459 6.926431164940183
1957 0.9803969435114324 0.019995019995019996 13.512003623584754 6.721295680163664
1958 0.9808585267097852 0.019515019515019515 13.51872960651102 6.725982926266028
1959 0.9813205447512056 0.019035019035019037 13.525460280698553 6.730674187533481
1960 0.981782998250461 0.018555018555018555 13.53219565016709 6.7353694685365895
1961 0.9822603601559438 0.01806001806001806 13.53914642185535 6.950771688259749
1962 0.9827237000763577 0.017580017580017582 13.54589134100776 6.744919152410489
1963 0.9831874773252162 0.0171000171000171 13.55264096765422 6.749626646460172
1964 0.9836516925219774 0.01662001662001662 13.559395305833117 6.754338178897257
1965 0.9841163462872698 0.01614001614001614 13.566154359587447 6.759053754329614
1966 0.9845814392428954 0.01566001566001566 13.572918132964881 6.76377337743439
1967 0.9850469720118323 0.015180015180015181 13.57968663001774 6.768497052858535
1968 0.9855129452182372 0.0147000147000147 13.586459854803007 6.773224785266763
1969 0.985979359487448 0.01422001422001422 13.59323781138235 6.777956579343325
1970 0.9864462154459877 0.01374001374001374 13.600020503822112 6.782692439761817
1971 0.9869135137215657 0.01326001326001326 13.606807936193338 6.787432371226032
1972 0.987366631318906 0.012795012795012795 13.613387785210715 6.579849017377626
1973 0.9878348022451531 0.012315012315012315 13.620184561237256 6.796776026540385
1974 0.9883034173589739 0.011835011835011835 13.626986089308884 6.801528071628482
1975 0.9887724772928174 0.011355011355011355 13.63379237351536 6.806284206476221
1976 0.989241982680334 0.010875010875010875 13.64060341795117 6.811044435808711
1977 0.9897119341563787 0.010395010395010396 13.647419226715556 6.815808764386588
1978 0.9901676256449711 0.00993000993000993 13.654026588655865 6.607361940309531
1979 0.9906384572177496 0.00945000945000945 13.660851789189959 6.825200534093412
1980 0.9911097367709019 0.00897000897000897 13.66768176625028 6.829977060320402
1981 0.9915667166416792 0.008505008505008505 13.674302865372479 6.621099122199325
1982 0.9920388800266661 0.008025008025008025 13.68114225825805 6.839392885572337
1983 0.9925114932945855 0.0075450075450075454 13.68798643990962 6.844181651569414
1984 0.9929697670192706 0.00708000708000708 13.694621311415071 6.6348715054509455
1985 0.9934432678752908 0.0066000066000066 13.701474933030637 6.853621615565686
1986 0.9939172205275916 0.00612000612000612 13.708333355694355 6.8584226637185
1987 0.9943767936089349 0.005655005655005655 13.714982034906273 6.648679211917141
1988 0.9948516376269183 0.005175005175005175 13.721849921756368 6.867886850095317
1989 0.9953120754367684 0.00471000471000471 13.72850777719743 6.657855441062566
1990 0.9957878133373961 0.00423000423000423 13.735385144343548 6.877367146117308
1991 0.9962491183186487 0.003765003765003765 13.742052191637933 6.6670472943854975
1992 0.9967257526283684 0.003285003285003285 13.748939055226828 6.886863588894343
1993 0.9971879272331299 0.0028200028200028203 13.75561531003476 6.67625480793177
1994 0.997650530650848 0.002355002355002355 13.762296101283772 6.68079124901233
1995 0.9981285071775494 0.001875001875001875 13.769197164268341 6.901062984569606
1996 0.9985919838946924 0.0014100014100014101 13.775887186464232 6.690022195890322
1997 0.9990558912386707 0.000945000945000945 13.782581756651792 6.6945701875607
1998 0.9995352156599339 0.000465000465000465 13.789497055186237 6.915298534444503
1999 1.0 0.0 13.796200879835006 6.70382464876873
